[{"model": "contenttypes.contenttype", "fields": {"app_label": "admin", "model": "logentry"}}, {"model": "contenttypes.contenttype", "fields": {"app_label": "auth", "model": "permission"}}, {"model": "contenttypes.contenttype", "fields": {"app_label": "auth", "model": "group"}}, {"model": "contenttypes.contenttype", "fields": {"app_label": "contenttypes", "model": "contenttype"}}, {"model": "contenttypes.contenttype", "fields": {"app_label": "sessions", "model": "session"}}, {"model": "contenttypes.contenttype", "fields": {"app_label": "category", "model": "category"}}, {"model": "contenttypes.contenttype", "fields": {"app_label": "accounts", "model": "account"}}, {"model": "contenttypes.contenttype", "fields": {"app_label": "store", "model": "product"}}, {"model": "contenttypes.contenttype", "fields": {"app_label": "store", "model": "productvariant"}}, {"model": "contenttypes.contenttype", "fields": {"app_label": "carts", "model": "cart"}}, {"model": "contenttypes.contenttype", "fields": {"app_label": "carts", "model": "cartitem"}}, {"model": "contenttypes.contenttype", "fields": {"app_label": "orders", "model": "orderproduct"}}, {"model": "contenttypes.contenttype", "fields": {"app_label": "orders", "model": "payment"}}, {"model": "contenttypes.contenttype", "fields": {"app_label": "orders", "model": "order"}}, {"model": "contenttypes.contenttype", "fields": {"app_label": "store", "model": "reviewrating"}}, {"model": "contenttypes.contenttype", "fields": {"app_label": "orders", "model": "userprofile"}}, {"model": "contenttypes.contenttype", "fields": {"app_label": "accounts", "model": "userprofile"}}, {"model": "contenttypes.contenttype", "fields": {"app_label": "store", "model": "productgallery"}}, {"model": "sessions.session", "pk": "10ld9ea4bpkgpmzik4lsvplsn81yw361", "fields": {"session_data": ".eJxVjDkOwjAURO_iGlleyHegpM8ZrL_YOIAcKU4qxN1JpBTQTDHvzbxVxHUpcW1pjqOoq7Lq9NsR8jPVHcgD633SPNVlHknvij5o08Mk6XU73L-Dgq1sa-P6s4BJxkjoAqQ-OwZPeYuLF7SeqAs5kwUOLoD3Bm1mRssUwCKozxfYODfv:1vZ73i:Kr3WjNtFyG3KkRRWeGHppfLVpezvs9eGMCdZXYW7IQc", "expire_date": "2026-01-09T12:36:42.901Z"}}, {"model": "sessions.session", "pk": "8d40cnubk35nyhdla3qcrghy0q7x5cmh", "fields": {"session_data": ".eJxVjDkOwjAURO_iGlleyHegpM8ZrL_YOIAcKU4qxN1JpBTQTDHvzbxVxHUpcW1pjqOoq7Lq9NsR8jPVHcgD633SPNVlHknvij5o08Mk6XU73L-Dgq1sa-P6s4BJxkjoAqQ-OwZPeYuLF7SeqAs5kwUOLoD3Bm1mRssUwCKozxfYODfv:1vWY0x:bdp7NB7VGS0wolQAYB4LrwjDr9Ho2ESVwdgjma3Mtqo", "expire_date": "2026-01-02T10:47:15.442Z"}}, {"model": "sessions.session", "pk": "8erbcn1rg68u1nz649iy8cppdcc9v33t", "fields": {"session_data": ".eJxVjMsOwiAQRf-FtSHyHHDpvt9AYAakaiAp7cr479qkC93ec859sRC3tYZt5CXMxC5MstPvliI-ctsB3WO7dY69rcuc-K7wgw4-dcrP6-H-HdQ46reGXARpQAXWFbTSOoSERqEiTGCKF0g6ktHag0KZhHdanq0EwGSi8uz9Ae3dN7g:1vHgLP:UQwbgJt3UnT_s-1vDCqr03xR4WOBofQafE4_JJm5dPk", "expire_date": "2025-11-22T10:38:55.751Z"}}, {"model": "sessions.session", "pk": "heh1eknnc136kor91mm4qs3c1b3clqc7", "fields": {"session_data": ".eJxVjDkOgzAURO_iOrK88G2cMj1nQH8jkEQgsVRR7h6QKBJpqnlv5m1a3Na-3Rad20HM1fhgLr8lIT91PIg8cLxPlqdxnQeyh2JPuthmEn3dTvfvoMel39c5CVSJI3RZyAFoF5O4QkzqSnCVLxIgKmOpfS3ASHsQvEYJxDGbzxcPfDi3:1vJ8pv:39DHmpDJz4lCOm2yV0ra8z6P2vFhSsOuDo2ZOoL5ihM", "expire_date": "2025-11-26T11:16:27.867Z"}}, {"model": "sessions.session", "pk": "jqv98wybusvd9ghn6gq8d8pliyb0yc7f", "fields": {"session_data": "e30:1vWYHI:1XljU-j7e6stTraSfQ7mVD10L_5kho4byQXIjTuexZs", "expire_date": "2026-01-02T11:04:08.694Z"}}, {"model": "sessions.session", "pk": "k6kp97hewm6kpkxbrszok81ff3noc5z1", "fields": {"session_data": ".eJxVjDkOgzAURO_iOrK88G2cMj1nQH8jkEQgsVRR7h6QKBJpqnlv5m1a3Na-3Rad20HM1fhgLr8lIT91PIg8cLxPlqdxnQeyh2JPuthmEn3dTvfvoMel39c5CVSJI3RZyAFoF5O4QkzqSnCVLxIgKmOpfS3ASHsQvEYJxDGbzxcPfDi3:1vKtjm:jSarAzbyQkucgfwlY2I_Q2eTsBfDouuO1437Epn4ZiY", "expire_date": "2025-12-01T07:33:22.197Z"}}, {"model": "sessions.session", "pk": "klzr7cfdf6h9c0nic4pmuzugunabqj94", "fields": {"session_data": ".eJxVjDkOwjAURO_iGlleyHegpM8ZrL_YOIAcKU4qxN1JpBTQTDHvzbxVxHUpcW1pjqOoq7Lq9NsR8jPVHcgD633SPNVlHknvij5o08Mk6XU73L-Dgq1sa-P6s4BJxkjoAqQ-OwZPeYuLF7SeqAs5kwUOLoD3Bm1mRssUwCKozxfYODfv:1vV6Gr:e0TViw0h_96YYKHs2e-f7VipbxXozJ0a9A9H5fZc7HE", "expire_date": "2025-12-29T10:57:41.532Z"}}, {"model": "sessions.session", "pk": "ml3gzv1bl0bbkhe4njle8phgv11tzeh3", "fields": {"session_data": "e30:1vWY7C:IIoSvZpUkR01wl_P9_LtKYdP2SLit-vwGR9oKTHJ8Mw", "expire_date": "2026-01-02T10:53:42.773Z"}}, {"model": "sessions.session", "pk": "uw4gqd7nrb0afs3nzyzjunt06bm4y85f", "fields": {"session_data": ".eJxVjMsOwiAQRf-FtSHQ8hhcuvcbyMwAUjU0Ke3K-O_apAvd3nPOfYmI21rj1vMSpyTOQovT70bIj9x2kO7YbrPkua3LRHJX5EG7vM4pPy-H-3dQsddv7RQSe1ecSiFkFVSxOIIzBGx8GbBY8BapAIKGwRlg9GPigJoISvLi_QHnHDhL:1vM2d6:smM2jBbmEfLxRiYiuSDII8qLc8G5LXmzno-ctfL23u0", "expire_date": "2025-12-04T11:15:12.596Z"}}, {"model": "sessions.session", "pk": "uwa3iuosso93f3dfoyt4wiqy4qq98p8z", "fields": {"session_data": ".eJxVjMsOwiAQRf-FtSHyHHDpvt9AYAakaiAp7cr479qkC93ec859sRC3tYZt5CXMxC5MstPvliI-ctsB3WO7dY69rcuc-K7wgw4-dcrP6-H-HdQ46reGXARpQAXWFbTSOoSERqEiTGCKF0g6ktHag0KZhHdanq0EwGSi8uz9Ae3dN7g:1vHgsW:goPkBz3ScbDk1dlN0Ie8BOgiAacrunzocBxHpgm9asg", "expire_date": "2025-11-22T11:13:08.867Z"}}, {"model": "sessions.session", "pk": "v0isnd0k0bba9cf07hw51ms41b1wjllu", "fields": {"session_data": ".eJxVjDkOgzAURO_iOrK88G2cMj1nQH8jkEQgsVRR7h6QKBJpqnlv5m1a3Na-3Rad20HM1fhgLr8lIT91PIg8cLxPlqdxnQeyh2JPuthmEn3dTvfvoMel39c5CVSJI3RZyAFoF5O4QkzqSnCVLxIgKmOpfS3ASHsQvEYJxDGbzxcPfDi3:1vM2nz:a9wtTc5S8gYHx8OqDgbkmW5rwBA_t_x7MMpLyizmo90", "expire_date": "2025-12-04T11:26:27.456Z"}}, {"model": "category.category", "pk": 1, "fields": {"category_name": "Jeans", "slug": "jeans", "description": "Stay stylish and comfortable with our premium range of jeans   from slim fit to relaxed styles. Perfect for everyday wear, made with durable fabric and a perfect stretch for all-day comfort.", "cat_image": "photos/categories/jeans_pIimAuy.jpg"}}, {"model": "category.category", "pk": 2, "fields": {"category_name": "Jackets", "slug": "jackets", "description": "Beat the chill in style with our trendy jackets   denim, bomber, leather, or puffer. Designed for comfort and built to make a statement wherever you go.", "cat_image": "photos/categories/jackets_zGRRYCe.jpg"}}, {"model": "category.category", "pk": 3, "fields": {"category_name": "T-Shirts", "slug": "t-shirts", "description": "Discover casual comfort with our soft, breathable T-shirts in a variety of colors and prints. Perfect for a laid-back day or layering under your favorite jacket.", "cat_image": "photos/categories/tshirts_NnlpUNc.jpg"}}, {"model": "category.category", "pk": 4, "fields": {"category_name": "Shirts", "slug": "shirts", "description": "Classic, crisp, and effortlessly stylish. Explore formal and casual shirts crafted from premium fabrics for every occasion   from office to outing.", "cat_image": "photos/categories/shirts_OdTccQZ.jpg"}}, {"model": "category.category", "pk": 5, "fields": {"category_name": "Shoes", "slug": "shoes", "description": "Step up your style with our collection of sneakers, loafers, boots, and formals. Designed for comfort and durability, because every outfit deserves the right pair.", "cat_image": "photos/categories/shoes_OIwKZaf.png"}}, {"model": "accounts.account", "fields": {"password": "pbkdf2_sha256$1000000$qRLUxxPxLUjGVQ1B24VRkO$g8DR6is4Q8fp8/5UpmA+YqgYtaWBk0bofUoPH9sb4Kg=", "first_name": "Quick", "last_name": "Cartz", "username": "Quick@Cartz", "email": "saliankush21@gmail.com", "phone_number": "7030363330", "date_joined": "2025-11-08T10:37:41.739Z", "last_login": "2025-12-26T12:36:42.891Z", "is_admin": true, "is_staff": true, "is_active": true, "is_superadmin": true}}, {"model": "accounts.account", "fields": {"password": "pbkdf2_sha256$1000000$jbcuLiuR5kS3g3PUKdZfXP$vGXv+Bhi6JP1qc0zAnN+odX0494dUytGHfhsUC/Bl0Y=", "first_name": "Jack", "last_name": "Smith", "username": "jacksmith91", "email": "jacksmith91@gmail.com", "phone_number": "9080706950", "date_joined": "2025-11-08T10:38:43.263Z", "last_login": "2025-11-20T11:24:06.229Z", "is_admin": false, "is_staff": false, "is_active": true, "is_superadmin": false}}, {"model": "accounts.account", "fields": {"password": "pbkdf2_sha256$1000000$ioEIA7c0gi6woL7ulxY0gw$Fzd4ayI/+gzYgpCRUO/oEc86aOKO+FwiBZo/wIgEpi8=", "first_name": "Ankush", "last_name": "Sali", "username": "ankushsali21", "email": "ankushsali21@gmail.com", "phone_number": "07030363330", "date_joined": "2025-11-11T14:32:32.254Z", "last_login": "2025-11-20T11:26:27.445Z", "is_admin": false, "is_staff": false, "is_active": true, "is_superadmin": false}}, {"model": "accounts.userprofile", "pk": 2, "fields": {"user": ["saliankush21@gmail.com"], "address_line_1": "New Gouri Nagar", "address_line_2": "590", "profile_picture": "userprofile/WhatsApp_Image_2025-11-23_at_13_bL3H2hr.46.36_766032bb.jpg", "city": "Indore", "state": "Madhya Pradesh", "country": "India"}}, {"model": "accounts.userprofile", "pk": 3, "fields": {"user": ["ankushsali21@gmail.com"], "address_line_1": "Rk Apartment, Near Rajwada, Indore", "address_line_2": "", "profile_picture": "userprofile/WhatsApp_Image_2025-11-23_at_13_KEtnywa.46.36_766032bb.jpg", "city": "Indore", "state": "Madhya Pradesh", "country": "India"}}, {"model": "store.product", "pk": 1, "fields": {"product_name": "ATX Jeans", "slug": "atx-jeans", "description": "Redefine your casual style with ATX Jeans   crafted for comfort, durability, and trend. Designed with premium denim and perfect fits that match every vibe   from classic blue to bold modern styles. Perfect for daily wear or weekend outings.", "price": 199, "images": "photos/products/ATX-Jeans_QaOVk4b.jpg", "stock": 599, "is_available": true, "category": 1, "created_date": "2025-11-08T10:46:46.764Z", "modified_date": "2025-12-19T09:28:32.268Z"}}, {"model": "store.product", "pk": 2, "fields": {"product_name": "Blue Shirt", "slug": "blue-shirt", "description": "Elevate your everyday look with this classic Blue Shirt   a perfect blend of style and sophistication. Made from soft, breathable fabric for all-day comfort. Ideal for office wear, casual outings, or special occasions   because blue never goes out of style.", "price": 99, "images": "photos/products/Blue-Shirt_gRpJ5wi.jpg", "stock": 975, "is_available": true, "category": 4, "created_date": "2025-11-08T10:47:32.179Z", "modified_date": "2025-12-19T08:48:36.358Z"}}, {"model": "store.product", "pk": 3, "fields": {"product_name": "US Polo Assn Jacket", "slug": "us-polo-assn-jacket", "description": "", "price": 799, "images": "photos/products/US-Polo-Assn_Jacket_IKY87rG.jpg", "stock": 298, "is_available": true, "category": 2, "created_date": "2025-11-08T10:48:11.798Z", "modified_date": "2025-11-15T12:22:42.739Z"}}, {"model": "store.product", "pk": 4, "fields": {"product_name": "Great T-Shirt", "slug": "great-t-shirt", "description": "Keep it cool and comfortable with this Great T-Shirt   your go-to pick for everyday style. Made from soft, breathable cotton with a perfect fit that moves with you. Pair it with jeans or shorts for a relaxed yet confident look, wherever you go.", "price": 99, "images": "photos/products/Great-Tshirt_bgymFQi.jpg", "stock": 499, "is_available": true, "category": 3, "created_date": "2025-11-08T10:49:11.614Z", "modified_date": "2025-11-17T05:51:20.453Z"}}, {"model": "store.product", "pk": 5, "fields": {"product_name": "Jordan Basketball Shoes", "slug": "jordan-basketball-shoes", "description": "Dominate the court in style with Jordan Basketball Shoes   built for performance, comfort, and iconic design. Featuring superior grip, lightweight cushioning, and breathable materials for ultimate control and support. Whether you re playing hard or styling off-court, Jordans keep you at the top of your game.", "price": 1099, "images": "photos/products/jordan-true-flight-basketball-shoes_KKN13Gy.jpg", "stock": 100, "is_available": true, "category": 5, "created_date": "2025-11-08T10:50:08.223Z", "modified_date": "2025-11-08T10:50:08.223Z"}}, {"model": "store.product", "pk": 6, "fields": {"product_name": "Puma Ferrari Shoes", "slug": "puma-ferrari-shoes", "description": "Experience speed and style with Puma Ferrari Shoes   inspired by the spirit of racing. Designed with precision detailing, durable materials, and the iconic Ferrari logo, these shoes deliver comfort, performance, and a sporty edge. Perfect for those who live life in the fast lane   on track or on the streets.", "price": 599, "images": "photos/products/Puma-Ferrari-Shoes_OpWymHr.jpg", "stock": 397, "is_available": true, "category": 5, "created_date": "2025-11-08T10:50:48.758Z", "modified_date": "2025-11-17T05:49:04.037Z"}}, {"model": "store.product", "pk": 7, "fields": {"product_name": "Mavi Jean", "slug": "mavi-jean", "description": "Step into effortless style with Mavi Jeans   where comfort meets craftsmanship. Made from high-quality denim with a perfect fit and modern wash, these jeans offer timeless appeal and all-day comfort. Whether it s a casual outing or a night out, Mavi keeps your look sharp and confident.", "price": 299, "images": "photos/products/Mavi_jeans_BIr9dFn.jpg", "stock": 299, "is_available": true, "category": 1, "created_date": "2025-11-08T10:52:10.053Z", "modified_date": "2025-12-19T09:58:46.155Z"}}, {"model": "store.product", "pk": 8, "fields": {"product_name": "Wrangler Shirt", "slug": "wrangler-shirt", "description": "Embrace timeless style with the Wrangler Shirt   crafted for durability, comfort, and everyday adventure. Made from premium cotton with signature stitching and a perfect fit, it blends rugged charm with modern design. Ideal for casual days, outdoor wear, or a bold everyday look.", "price": 199, "images": "photos/products/Wrangler-Shirt_PAvRVs0.jpg", "stock": 695, "is_available": true, "category": 4, "created_date": "2025-11-08T10:53:08.533Z", "modified_date": "2025-11-17T07:36:11.136Z"}}, {"model": "store.productvariant", "pk": 28, "fields": {"product": 3, "color": "White", "size": "M"}}, {"model": "store.productvariant", "pk": 29, "fields": {"product": 1, "color": "Black", "size": "M"}}, {"model": "store.productvariant", "pk": 30, "fields": {"product": 2, "color": "White", "size": "M"}}, {"model": "store.productvariant", "pk": 31, "fields": {"product": 2, "color": "Black", "size": "S"}}, {"model": "store.productvariant", "pk": 32, "fields": {"product": 5, "color": "White", "size": "S"}}, {"model": "store.productvariant", "pk": 33, "fields": {"product": 5, "color": "Black", "size": "M"}}, {"model": "store.productvariant", "pk": 34, "fields": {"product": 1, "color": "Black", "size": "S"}}, {"model": "store.productvariant", "pk": 35, "fields": {"product": 1, "color": "White", "size": "M"}}, {"model": "store.productvariant", "pk": 36, "fields": {"product": 2, "color": "White", "size": "S"}}, {"model": "store.productvariant", "pk": 37, "fields": {"product": 3, "color": "White", "size": "L"}}, {"model": "store.productvariant", "pk": 38, "fields": {"product": 3, "color": "Blue", "size": "M"}}, {"model": "store.productvariant", "pk": 39, "fields": {"product": 5, "color": "Gray", "size": "XL"}}, {"model": "store.productvariant", "pk": 40, "fields": {"product": 6, "color": "Blue", "size": "M"}}, {"model": "store.productvariant", "pk": 41, "fields": {"product": 4, "color": "Black", "size": "L"}}, {"model": "store.productvariant", "pk": 42, "fields": {"product": 3, "color": "Black", "size": "M"}}, {"model": "store.productvariant", "pk": 43, "fields": {"product": 7, "color": "Blue", "size": "L"}}, {"model": "store.productvariant", "pk": 44, "fields": {"product": 2, "color": "White", "size": "L"}}, {"model": "store.productvariant", "pk": 45, "fields": {"product": 2, "color": "Gray", "size": "M"}}, {"model": "store.productvariant", "pk": 46, "fields": {"product": 6, "color": "Blue", "size": "L"}}, {"model": "store.productvariant", "pk": 47, "fields": {"product": 8, "color": "Gray", "size": "L"}}, {"model": "store.productvariant", "pk": 48, "fields": {"product": 3, "color": "Gray", "size": "XL"}}, {"model": "store.productvariant", "pk": 49, "fields": {"product": 2, "color": "Gray", "size": "XL"}}, {"model": "store.productvariant", "pk": 50, "fields": {"product": 6, "color": "Black", "size": "XL"}}, {"model": "store.productvariant", "pk": 51, "fields": {"product": 4, "color": "White", "size": "M"}}, {"model": "store.productvariant", "pk": 52, "fields": {"product": 1, "color": "Blue", "size": "L"}}, {"model": "store.productvariant", "pk": 53, "fields": {"product": 8, "color": "Gray", "size": "M"}}, {"model": "store.productvariant", "pk": 54, "fields": {"product": 7, "color": "White", "size": "M"}}, {"model": "store.reviewrating", "pk": 6, "fields": {"product": 2, "user": ["saliankush21@gmail.com"], "subject": "Amazing blue Shirt", "review": "Amazing product! Quality is awesome and delivery was on time.", "rating": 4.0, "ip": "127.0.0.1", "status": true, "created_at": "2025-11-20T11:22:27.862Z", "updated_at": "2025-11-20T11:22:27.862Z"}}, {"model": "store.reviewrating", "pk": 7, "fields": {"product": 1, "user": ["saliankush21@gmail.com"], "subject": "Awesome Jeans", "review": "Really satisfied with this purchase. Worth the money!", "rating": 3.5, "ip": "127.0.0.1", "status": true, "created_at": "2025-11-20T11:23:11.499Z", "updated_at": "2025-11-20T11:23:11.499Z"}}, {"model": "store.reviewrating", "pk": 8, "fields": {"product": 4, "user": ["saliankush21@gmail.com"], "subject": "Perfect T-Shirt", "review": "Perfect fit, great color, and comfortable. Highly recommended.", "rating": 4.5, "ip": "127.0.0.1", "status": true, "created_at": "2025-11-20T11:23:50.296Z", "updated_at": "2025-11-20T11:23:50.296Z"}}, {"model": "store.reviewrating", "pk": 9, "fields": {"product": 2, "user": ["jacksmith91@gmail.com"], "subject": "Ok! shirt", "review": "ATX Jeans", "rating": 2.0, "ip": "127.0.0.1", "status": true, "created_at": "2025-11-20T11:25:29.383Z", "updated_at": "2025-11-20T11:25:29.383Z"}}, {"model": "store.reviewrating", "pk": 10, "fields": {"product": 4, "user": ["jacksmith91@gmail.com"], "subject": "Bad shipping", "review": "Quality is decent but shipping was slow.", "rating": 1.5, "ip": "127.0.0.1", "status": true, "created_at": "2025-11-20T11:26:12.623Z", "updated_at": "2025-11-20T11:26:12.623Z"}}, {"model": "store.reviewrating", "pk": 11, "fields": {"product": 1, "user": ["ankushsali21@gmail.com"], "subject": "Oops!", "review": "Wrong size delivered and the material feels cheap.", "rating": 1.0, "ip": "127.0.0.1", "status": true, "created_at": "2025-11-20T11:27:01.123Z", "updated_at": "2025-11-20T11:27:01.123Z"}}, {"model": "store.reviewrating", "pk": 12, "fields": {"product": 3, "user": ["ankushsali21@gmail.com"], "subject": "disappointed Product", "review": "Very disappointed. Not the same as shown in the images.", "rating": 2.0, "ip": "127.0.0.1", "status": true, "created_at": "2025-11-20T11:27:32.684Z", "updated_at": "2025-11-20T11:27:32.684Z"}}, {"model": "store.productgallery", "pk": 3, "fields": {"product": 1, "image": "store/products/image1.jpg"}}, {"model": "store.productgallery", "pk": 4, "fields": {"product": 1, "image": "store/products/image2.jpg"}}, {"model": "carts.cart", "pk": 1, "fields": {"cart_id": "u82h6gurz1du2knoczysy244soq68iu0", "date_added": "2025-11-08T10:53:35.871Z"}}, {"model": "carts.cart", "pk": 2, "fields": {"cart_id": "1hwcimw3k1j79p8ympbejgy78z0mlgy4", "date_added": "2025-11-08T11:03:50.168Z"}}, {"model": "carts.cart", "pk": 3, "fields": {"cart_id": "1a5lmtxmea9m8phopqad4k8815hech0j", "date_added": "2025-11-08T11:12:15.075Z"}}, {"model": "carts.cart", "pk": 4, "fields": {"cart_id": "l8uwlg533npqnhkxkb19ovlnqxgiuq5t", "date_added": "2025-11-08T11:16:43.577Z"}}, {"model": "carts.cart", "pk": 5, "fields": {"cart_id": "zrqmwkdr2bibht1qcca0goi122outdqo", "date_added": "2025-11-08T11:45:27.258Z"}}, {"model": "carts.cart", "pk": 6, "fields": {"cart_id": "fhaenj80fgvubhtw8xlkae7kme7ld0ei", "date_added": "2025-11-08T11:55:53.579Z"}}, {"model": "carts.cart", "pk": 9, "fields": {"cart_id": "2avrqob1pl3lfkw85yxe1dt2tcy9hg64", "date_added": "2025-11-08T12:08:10.855Z"}}, {"model": "carts.cart", "pk": 10, "fields": {"cart_id": "na06mrsbpei2edjofivqp76fdb2f235t", "date_added": "2025-11-08T12:08:26.226Z"}}, {"model": "carts.cart", "pk": 11, "fields": {"cart_id": "e9zb6a1ja210bhjw9gq1hkq97u97y4po", "date_added": "2025-11-08T12:19:59.782Z"}}, {"model": "carts.cart", "pk": 12, "fields": {"cart_id": "9h1wo4spefjtxybmp1mhgldf0ct7jlpk", "date_added": "2025-11-10T11:06:50.866Z"}}, {"model": "carts.cart", "pk": 13, "fields": {"cart_id": "zimwvb26cekqguh9z8tndx9npfl31lu8", "date_added": "2025-11-10T11:08:34.678Z"}}, {"model": "carts.cart", "pk": 14, "fields": {"cart_id": "5wullmqze4obdiskctuedoxr1oz1nwdo", "date_added": "2025-11-10T11:44:58.505Z"}}, {"model": "carts.cart", "pk": 15, "fields": {"cart_id": "su3ydwyn2y534atwef97qjhrfsnj1a0q", "date_added": "2025-11-10T12:09:00.767Z"}}, {"model": "carts.cart", "pk": 16, "fields": {"cart_id": "azo53olzew8b5qdykor9g6rezsg6gce9", "date_added": "2025-11-10T12:29:59.370Z"}}, {"model": "carts.cart", "pk": 17, "fields": {"cart_id": "nmos6lu49c27c1lv11exymlpsfl1ap8m", "date_added": "2025-11-10T12:33:47.468Z"}}, {"model": "carts.cart", "pk": 18, "fields": {"cart_id": "dunyzl66jkox5l3lqu2q9rlhokwh185u", "date_added": "2025-11-10T12:51:38.725Z"}}, {"model": "carts.cart", "pk": 19, "fields": {"cart_id": "ddlj6e4vzxit7cep2dih3p6ctjw35we2", "date_added": "2025-11-10T12:54:23.934Z"}}, {"model": "carts.cart", "pk": 20, "fields": {"cart_id": "x6phlc992l001wet4nceux8yqza1zatu", "date_added": "2025-11-13T10:23:27.918Z"}}, {"model": "carts.cart", "pk": 21, "fields": {"cart_id": "bw9q533qm767bbhtln5d49drjr64nl67", "date_added": "2025-11-13T10:34:14.392Z"}}, {"model": "carts.cart", "pk": 22, "fields": {"cart_id": "mvtt6b4xxh3oc5wac0uhd2asp06qnl4k", "date_added": "2025-11-13T10:34:35.411Z"}}, {"model": "carts.cart", "pk": 23, "fields": {"cart_id": "p3ozlcky0m1c76j14xrhbu0a2yqcb1x2", "date_added": "2025-12-06T09:03:55.217Z"}}, {"model": "orders.payment", "pk": 1, "fields": {"user": ["ankushsali21@gmail.com"], "payment_id": "5JK95984LA338453G", "payment_method": "PayPal", "amount_paid": "814.98", "status": "COMPLETED", "created_at": "2025-11-14T13:25:20.919Z"}}, {"model": "orders.payment", "pk": 2, "fields": {"user": ["saliankush21@gmail.com"], "payment_id": "0VC60415LK621044V", "payment_method": "PayPal", "amount_paid": "1017.96", "status": "COMPLETED", "created_at": "2025-11-15T09:01:35.520Z"}}, {"model": "orders.payment", "pk": 3, "fields": {"user": ["saliankush21@gmail.com"], "payment_id": "2S2336142K7865449", "payment_method": "PayPal", "amount_paid": "2645.88", "status": "COMPLETED", "created_at": "2025-11-15T09:18:19.365Z"}}, {"model": "orders.payment", "pk": 4, "fields": {"user": ["jacksmith91@gmail.com"], "payment_id": "3RE49610D0169690F", "payment_method": "PayPal", "amount_paid": "3665.88", "status": "COMPLETED", "created_at": "2025-11-15T09:22:45.353Z"}}, {"model": "orders.payment", "pk": 5, "fields": {"user": ["saliankush21@gmail.com"], "payment_id": "8GM53251RD824705E", "payment_method": "PayPal", "amount_paid": "1524.9", "status": "COMPLETED", "created_at": "2025-11-15T09:39:12.402Z"}}, {"model": "orders.payment", "pk": 6, "fields": {"user": ["saliankush21@gmail.com"], "payment_id": "88R71327M3303781K", "payment_method": "PayPal", "amount_paid": "1009.8", "status": "COMPLETED", "created_at": "2025-11-15T10:05:23.094Z"}}, {"model": "orders.payment", "pk": 7, "fields": {"user": ["ankushsali21@gmail.com"], "payment_id": "3BB31526CX5252905", "payment_method": "PayPal", "amount_paid": "3460.86", "status": "COMPLETED", "created_at": "2025-11-15T12:22:42.560Z"}}, {"model": "orders.payment", "pk": 8, "fields": {"user": ["jacksmith91@gmail.com"], "payment_id": "8TE57370PB701660Y", "payment_method": "PayPal", "amount_paid": "100.98", "status": "COMPLETED", "created_at": "2025-11-15T13:04:53.314Z"}}, {"model": "orders.payment", "pk": 9, "fields": {"user": ["jacksmith91@gmail.com"], "payment_id": "2RL2185564257061T", "payment_method": "PayPal", "amount_paid": "100.98", "status": "COMPLETED", "created_at": "2025-11-15T13:14:15.845Z"}}, {"model": "orders.payment", "pk": 10, "fields": {"user": ["jacksmith91@gmail.com"], "payment_id": "57J11157CV161680U", "payment_method": "PayPal", "amount_paid": "100.98", "status": "COMPLETED", "created_at": "2025-11-15T14:26:47.497Z"}}, {"model": "orders.payment", "pk": 11, "fields": {"user": ["jacksmith91@gmail.com"], "payment_id": "2F889027FX4973840", "payment_method": "PayPal", "amount_paid": "100.98", "status": "COMPLETED", "created_at": "2025-11-15T14:53:15.288Z"}}, {"model": "orders.payment", "pk": 12, "fields": {"user": ["jacksmith91@gmail.com"], "payment_id": "8N589312YB787030B", "payment_method": "PayPal", "amount_paid": "610.98", "status": "COMPLETED", "created_at": "2025-11-17T05:49:03.963Z"}}, {"model": "orders.payment", "pk": 13, "fields": {"user": ["jacksmith91@gmail.com"], "payment_id": "3W030213DM940470C", "payment_method": "PayPal", "amount_paid": "100.98", "status": "COMPLETED", "created_at": "2025-11-17T05:51:20.383Z"}}, {"model": "orders.payment", "pk": 14, "fields": {"user": ["jacksmith91@gmail.com"], "payment_id": "9E646128CW923605X", "payment_method": "PayPal", "amount_paid": "100.98", "status": "COMPLETED", "created_at": "2025-11-17T06:14:20.421Z"}}, {"model": "orders.payment", "pk": 15, "fields": {"user": ["ankushsali21@gmail.com"], "payment_id": "3RN72599L00392649", "payment_method": "PayPal", "amount_paid": "608.94", "status": "COMPLETED", "created_at": "2025-11-17T07:36:11.082Z"}}, {"model": "orders.payment", "pk": 16, "fields": {"user": ["saliankush21@gmail.com"], "payment_id": "3WC326296N4226208", "payment_method": "PayPal", "amount_paid": "1009.8", "status": "COMPLETED", "created_at": "2025-12-19T08:48:36.282Z"}}, {"model": "orders.payment", "pk": 17, "fields": {"user": ["saliankush21@gmail.com"], "payment_id": "2V1426820W513183Y", "payment_method": "PayPal", "amount_paid": "304.98", "status": "COMPLETED", "created_at": "2025-12-19T09:58:46.063Z"}}, {"model": "orders.order", "pk": 33, "fields": {"user": ["ankushsali21@gmail.com"], "payment": 1, "order_number": "2025111433", "first_name": "Ankush", "last_name": "Sali", "phone": "07030363330", "email": "saliankush21@gmail.com", "address_line_1": "New Gouri Nagar", "address_line_2": "590", "country": "India", "state": "Madhya Pradesh", "city": "Indore", "order_note": "Final Payment and save to the DB.", "order_total": 814.98, "tax": 15.98, "status": "New", "ip": "", "is_ordered": true, "created_at": "2025-11-14T13:24:25.247Z", "updated_at": "2025-11-14T13:25:20.947Z"}}, {"model": "orders.order", "pk": 34, "fields": {"user": ["saliankush21@gmail.com"], "payment": 2, "order_number": "2025111534", "first_name": "Ankush", "last_name": "Sali", "phone": "07030363330", "email": "saliankush21@gmail.com", "address_line_1": "New Gouri Nagar", "address_line_2": "590", "country": "India", "state": "Madhya Pradesh", "city": "Indore", "order_note": "check", "order_total": 1017.96, "tax": 19.96, "status": "New", "ip": "", "is_ordered": true, "created_at": "2025-11-15T09:00:12.921Z", "updated_at": "2025-11-15T09:01:35.527Z"}}, {"model": "orders.order", "pk": 35, "fields": {"user": ["saliankush21@gmail.com"], "payment": 3, "order_number": "2025111535", "first_name": "Ankush", "last_name": "Sali", "phone": "07030363330", "email": "saliankush21@gmail.com", "address_line_1": "New Gouri Nagar", "address_line_2": "590", "country": "India", "state": "Madhya Pradesh", "city": "Indore", "order_note": "Assign Cart item to Order Product.", "order_total": 2645.88, "tax": 51.88, "status": "New", "ip": "", "is_ordered": true, "created_at": "2025-11-15T09:17:16.526Z", "updated_at": "2025-11-15T09:18:19.382Z"}}, {"model": "orders.order", "pk": 36, "fields": {"user": ["jacksmith91@gmail.com"], "payment": 4, "order_number": "2025111536", "first_name": "Jack", "last_name": "Smith", "phone": "07887877887", "email": "jacksmith91@gmail.com", "address_line_1": "Rk Apartment, Near Rajwada, Indore", "address_line_2": "", "country": "India", "state": "Madhya Pradesh", "city": "Indore", "order_note": "Jack Samith Products", "order_total": 3665.88, "tax": 71.88, "status": "New", "ip": "", "is_ordered": true, "created_at": "2025-11-15T09:21:59.626Z", "updated_at": "2025-11-15T09:22:45.368Z"}}, {"model": "orders.order", "pk": 37, "fields": {"user": ["saliankush21@gmail.com"], "payment": 5, "order_number": "2025111537", "first_name": "Ankush", "last_name": "Sali", "phone": "07030363330", "email": "saliankush21@gmail.com", "address_line_1": "New Gouri Nagar", "address_line_2": "590", "country": "India", "state": "Madhya Pradesh", "city": "Indore", "order_note": "ok", "order_total": 1524.9, "tax": 29.9, "status": "New", "ip": "", "is_ordered": true, "created_at": "2025-11-15T09:38:22.520Z", "updated_at": "2025-11-15T09:39:12.419Z"}}, {"model": "orders.order", "pk": 38, "fields": {"user": ["saliankush21@gmail.com"], "payment": 6, "order_number": "2025111538", "first_name": "Jack", "last_name": "Smith", "phone": "07887877887", "email": "jacksmith91@gmail.com", "address_line_1": "Rk Apartment, Near Rajwada, Indore", "address_line_2": "", "country": "India", "state": "Madhya Pradesh", "city": "Indore", "order_note": "kpkpkp", "order_total": 1009.8, "tax": 19.8, "status": "New", "ip": "", "is_ordered": true, "created_at": "2025-11-15T10:04:15.284Z", "updated_at": "2025-11-15T10:05:23.122Z"}}, {"model": "orders.order", "pk": 39, "fields": {"user": ["ankushsali21@gmail.com"], "payment": null, "order_number": "2025111539", "first_name": "Ankush", "last_name": "Sali", "phone": "07030363330", "email": "saliankush21@gmail.com", "address_line_1": "New Gouri Nagar", "address_line_2": "590", "country": "India", "state": "Madhya Pradesh", "city": "Indore", "order_note": "QuickCartz!", "order_total": 3460.86, "tax": 67.86, "status": "New", "ip": "", "is_ordered": false, "created_at": "2025-11-15T12:18:25.211Z", "updated_at": "2025-11-15T12:18:25.234Z"}}, {"model": "orders.order", "pk": 40, "fields": {"user": ["ankushsali21@gmail.com"], "payment": 7, "order_number": "2025111540", "first_name": "Ankush", "last_name": "Sali", "phone": "07030363330", "email": "saliankush21@gmail.com", "address_line_1": "New Gouri Nagar", "address_line_2": "590", "country": "India", "state": "Madhya Pradesh", "city": "Indore", "order_note": "QuickCartz!", "order_total": 3460.86, "tax": 67.86, "status": "New", "ip": "", "is_ordered": true, "created_at": "2025-11-15T12:19:48.851Z", "updated_at": "2025-11-15T12:22:42.575Z"}}, {"model": "orders.order", "pk": 41, "fields": {"user": ["jacksmith91@gmail.com"], "payment": 8, "order_number": "2025111541", "first_name": "Jack", "last_name": "Smith", "phone": "07887877887", "email": "jacksmith91@gmail.com", "address_line_1": "Rk Apartment, Near Rajwada, Indore", "address_line_2": "", "country": "India", "state": "Madhya Pradesh", "city": "Indore", "order_note": "okokok", "order_total": 100.98, "tax": 1.98, "status": "New", "ip": "", "is_ordered": true, "created_at": "2025-11-15T13:03:51.978Z", "updated_at": "2025-11-15T13:04:53.321Z"}}, {"model": "orders.order", "pk": 42, "fields": {"user": ["jacksmith91@gmail.com"], "payment": 9, "order_number": "2025111542", "first_name": "Jack", "last_name": "Smith", "phone": "07887877887", "email": "jacksmith91@gmail.com", "address_line_1": "Rk Apartment, Near Rajwada, Indore", "address_line_2": "", "country": "India", "state": "Madhya Pradesh", "city": "Indore", "order_note": "", "order_total": 100.98, "tax": 1.98, "status": "New", "ip": "", "is_ordered": true, "created_at": "2025-11-15T13:13:16.150Z", "updated_at": "2025-11-15T13:14:15.860Z"}}, {"model": "orders.order", "pk": 43, "fields": {"user": ["jacksmith91@gmail.com"], "payment": 10, "order_number": "2025111543", "first_name": "Jack", "last_name": "Smith", "phone": "07887877887", "email": "jacksmith91@gmail.com", "address_line_1": "Rk Apartment, Near Rajwada, Indore", "address_line_2": "", "country": "India", "state": "Madhya Pradesh", "city": "Indore", "order_note": "", "order_total": 100.98, "tax": 1.98, "status": "New", "ip": "", "is_ordered": true, "created_at": "2025-11-15T14:25:57.240Z", "updated_at": "2025-11-15T14:26:47.528Z"}}, {"model": "orders.order", "pk": 44, "fields": {"user": ["jacksmith91@gmail.com"], "payment": null, "order_number": "2025111544", "first_name": "Jack", "last_name": "Smith", "phone": "07887877887", "email": "jacksmith91@gmail.com", "address_line_1": "Rk Apartment, Near Rajwada, Indore", "address_line_2": "", "country": "India", "state": "Madhya Pradesh", "city": "Indore", "order_note": "", "order_total": 100.98, "tax": 1.98, "status": "New", "ip": "", "is_ordered": false, "created_at": "2025-11-15T14:47:37.125Z", "updated_at": "2025-11-15T14:47:37.134Z"}}, {"model": "orders.order", "pk": 45, "fields": {"user": ["jacksmith91@gmail.com"], "payment": null, "order_number": "2025111545", "first_name": "Jack", "last_name": "Smith", "phone": "07887877887", "email": "jacksmith91@gmail.com", "address_line_1": "Rk Apartment, Near Rajwada, Indore", "address_line_2": "", "country": "India", "state": "Madhya Pradesh", "city": "Indore", "order_note": "", "order_total": 100.98, "tax": 1.98, "status": "New", "ip": "", "is_ordered": false, "created_at": "2025-11-15T14:48:10.257Z", "updated_at": "2025-11-15T14:48:10.278Z"}}, {"model": "orders.order", "pk": 46, "fields": {"user": ["jacksmith91@gmail.com"], "payment": 11, "order_number": "2025111546", "first_name": "Jack", "last_name": "Smith", "phone": "07887877887", "email": "jacksmith91@gmail.com", "address_line_1": "Rk Apartment, Near Rajwada, Indore", "address_line_2": "", "country": "India", "state": "Madhya Pradesh", "city": "Indore", "order_note": "", "order_total": 100.98, "tax": 1.98, "status": "New", "ip": "", "is_ordered": true, "created_at": "2025-11-15T14:51:36.092Z", "updated_at": "2025-11-15T14:53:15.313Z"}}, {"model": "orders.order", "pk": 47, "fields": {"user": ["jacksmith91@gmail.com"], "payment": 12, "order_number": "2025111747", "first_name": "Jack", "last_name": "Smith", "phone": "07887877887", "email": "jacksmith91@gmail.com", "address_line_1": "Rk Apartment, Near Rajwada, Indore", "address_line_2": "", "country": "India", "state": "Madhya Pradesh", "city": "Indore", "order_note": "ok", "order_total": 610.98, "tax": 11.98, "status": "New", "ip": "", "is_ordered": true, "created_at": "2025-11-17T05:47:58.702Z", "updated_at": "2025-11-17T05:49:03.981Z"}}, {"model": "orders.order", "pk": 48, "fields": {"user": ["jacksmith91@gmail.com"], "payment": 13, "order_number": "2025111748", "first_name": "Jack", "last_name": "Smith", "phone": "07887877887", "email": "jacksmith91@gmail.com", "address_line_1": "Rk Apartment, Near Rajwada, Indore", "address_line_2": "", "country": "India", "state": "Madhya Pradesh", "city": "Indore", "order_note": "", "order_total": 100.98, "tax": 1.98, "status": "New", "ip": "", "is_ordered": true, "created_at": "2025-11-17T05:50:39.171Z", "updated_at": "2025-11-17T05:51:20.407Z"}}, {"model": "orders.order", "pk": 49, "fields": {"user": ["jacksmith91@gmail.com"], "payment": 14, "order_number": "2025111749", "first_name": "Jack", "last_name": "Smith", "phone": "07887877887", "email": "jacksmith91@gmail.com", "address_line_1": "Rk Apartment, Near Rajwada, Indore", "address_line_2": "", "country": "India", "state": "Madhya Pradesh", "city": "Indore", "order_note": "", "order_total": 100.98, "tax": 1.98, "status": "New", "ip": "", "is_ordered": true, "created_at": "2025-11-17T06:13:42.438Z", "updated_at": "2025-11-17T06:14:20.445Z"}}, {"model": "orders.order", "pk": 50, "fields": {"user": ["ankushsali21@gmail.com"], "payment": null, "order_number": "2025111750", "first_name": "Ankush", "last_name": "Sali", "phone": "07030363330", "email": "saliankush21@gmail.com", "address_line_1": "New Gouri Nagar", "address_line_2": "590", "country": "India", "state": "Madhya Pradesh", "city": "Indore", "order_note": "Final .", "order_total": 608.94, "tax": 11.94, "status": "New", "ip": "", "is_ordered": false, "created_at": "2025-11-17T07:34:27.590Z", "updated_at": "2025-11-17T07:34:27.597Z"}}, {"model": "orders.order", "pk": 51, "fields": {"user": ["ankushsali21@gmail.com"], "payment": null, "order_number": "2025111751", "first_name": "Ankush", "last_name": "Sali", "phone": "07030363330", "email": "saliankush21@gmail.com", "address_line_1": "New Gouri Nagar", "address_line_2": "590", "country": "India", "state": "Madhya Pradesh", "city": "Indore", "order_note": "Final .", "order_total": 608.94, "tax": 11.94, "status": "New", "ip": "", "is_ordered": false, "created_at": "2025-11-17T07:34:45.783Z", "updated_at": "2025-11-17T07:34:45.790Z"}}, {"model": "orders.order", "pk": 52, "fields": {"user": ["ankushsali21@gmail.com"], "payment": 15, "order_number": "2025111752", "first_name": "Ankush", "last_name": "Sali", "phone": "07030363330", "email": "saliankush21@gmail.com", "address_line_1": "New Gouri Nagar", "address_line_2": "590", "country": "India", "state": "Madhya Pradesh", "city": "Indore", "order_note": "Final .", "order_total": 608.94, "tax": 11.94, "status": "New", "ip": "", "is_ordered": true, "created_at": "2025-11-17T07:35:26.802Z", "updated_at": "2025-11-17T07:36:11.099Z"}}, {"model": "orders.order", "pk": 53, "fields": {"user": ["saliankush21@gmail.com"], "payment": null, "order_number": "2025121953", "first_name": "Jack", "last_name": "Smith", "phone": "07887877887", "email": "jacksmith91@gmail.com", "address_line_1": "Rk Apartment, Near Rajwada, Indore", "address_line_2": "", "country": "India", "state": "Madhya Pradesh", "city": "Indore", "order_note": "ok", "order_total": 1009.8, "tax": 19.8, "status": "New", "ip": "", "is_ordered": false, "created_at": "2025-12-19T08:36:26.020Z", "updated_at": "2025-12-19T08:36:26.046Z"}}, {"model": "orders.order", "pk": 54, "fields": {"user": ["saliankush21@gmail.com"], "payment": null, "order_number": "2025121954", "first_name": "Jack", "last_name": "Smith", "phone": "07887877887", "email": "jacksmith91@gmail.com", "address_line_1": "Rk Apartment, Near Rajwada, Indore", "address_line_2": "", "country": "India", "state": "Madhya Pradesh", "city": "Indore", "order_note": "ok", "order_total": 1009.8, "tax": 19.8, "status": "New", "ip": "", "is_ordered": false, "created_at": "2025-12-19T08:38:26.600Z", "updated_at": "2025-12-19T08:38:26.612Z"}}, {"model": "orders.order", "pk": 55, "fields": {"user": ["saliankush21@gmail.com"], "payment": 16, "order_number": "2025121955", "first_name": "Ankush", "last_name": "Sali", "phone": "07030363330", "email": "saliankush21@gmail.com", "address_line_1": "New Gouri Nagar", "address_line_2": "590", "country": "India", "state": "Madhya Pradesh", "city": "Indore", "order_note": "ok", "order_total": 1009.8, "tax": 19.8, "status": "New", "ip": "", "is_ordered": true, "created_at": "2025-12-19T08:45:37.107Z", "updated_at": "2025-12-19T08:48:36.297Z"}}, {"model": "orders.order", "pk": 56, "fields": {"user": ["saliankush21@gmail.com"], "payment": 17, "order_number": "2025121956", "first_name": "Ankush", "last_name": "Sali", "phone": "07030363330", "email": "saliankush21@gmail.com", "address_line_1": "New Gouri Nagar", "address_line_2": "590", "country": "India", "state": "Madhya Pradesh", "city": "Indore", "order_note": "fianl product", "order_total": 304.98, "tax": 5.98, "status": "New", "ip": "", "is_ordered": true, "created_at": "2025-12-19T09:58:00.461Z", "updated_at": "2025-12-19T09:58:46.089Z"}}, {"model": "orders.orderproduct", "pk": 1, "fields": {"order": 34, "payment": 2, "user": ["saliankush21@gmail.com"], "product": 1, "variant": null, "quantity": 1, "product_price": 199.0, "ordered": true, "created_at": "2025-11-15T09:01:35.538Z", "updated_at": "2025-11-15T09:01:35.538Z"}}, {"model": "orders.orderproduct", "pk": 2, "fields": {"order": 34, "payment": 2, "user": ["saliankush21@gmail.com"], "product": 3, "variant": null, "quantity": 1, "product_price": 799.0, "ordered": true, "created_at": "2025-11-15T09:01:35.548Z", "updated_at": "2025-11-15T09:01:35.548Z"}}, {"model": "orders.orderproduct", "pk": 3, "fields": {"order": 37, "payment": 5, "user": ["saliankush21@gmail.com"], "product": 6, "variant": 40, "quantity": 2, "product_price": 599.0, "ordered": true, "created_at": "2025-11-15T09:39:12.458Z", "updated_at": "2025-11-15T09:39:12.459Z"}}, {"model": "orders.orderproduct", "pk": 4, "fields": {"order": 37, "payment": 5, "user": ["saliankush21@gmail.com"], "product": 4, "variant": 41, "quantity": 3, "product_price": 99.0, "ordered": true, "created_at": "2025-11-15T09:39:12.496Z", "updated_at": "2025-11-15T09:39:12.496Z"}}, {"model": "orders.orderproduct", "pk": 5, "fields": {"order": 38, "payment": 6, "user": ["saliankush21@gmail.com"], "product": 2, "variant": 44, "quantity": 6, "product_price": 99.0, "ordered": true, "created_at": "2025-11-15T10:05:23.159Z", "updated_at": "2025-11-15T10:05:23.159Z"}}, {"model": "orders.orderproduct", "pk": 6, "fields": {"order": 38, "payment": 6, "user": ["saliankush21@gmail.com"], "product": 2, "variant": 45, "quantity": 4, "product_price": 99.0, "ordered": true, "created_at": "2025-11-15T10:05:23.219Z", "updated_at": "2025-11-15T10:05:23.219Z"}}, {"model": "orders.orderproduct", "pk": 7, "fields": {"order": 40, "payment": 7, "user": ["ankushsali21@gmail.com"], "product": 3, "variant": 37, "quantity": 1, "product_price": 799.0, "ordered": true, "created_at": "2025-11-15T12:22:42.601Z", "updated_at": "2025-11-15T12:22:42.601Z"}}, {"model": "orders.orderproduct", "pk": 8, "fields": {"order": 40, "payment": 7, "user": ["ankushsali21@gmail.com"], "product": 6, "variant": 46, "quantity": 2, "product_price": 599.0, "ordered": true, "created_at": "2025-11-15T12:22:42.648Z", "updated_at": "2025-11-15T12:22:42.648Z"}}, {"model": "orders.orderproduct", "pk": 9, "fields": {"order": 40, "payment": 7, "user": ["ankushsali21@gmail.com"], "product": 8, "variant": 47, "quantity": 3, "product_price": 199.0, "ordered": true, "created_at": "2025-11-15T12:22:42.684Z", "updated_at": "2025-11-15T12:22:42.685Z"}}, {"model": "orders.orderproduct", "pk": 10, "fields": {"order": 40, "payment": 7, "user": ["ankushsali21@gmail.com"], "product": 3, "variant": 48, "quantity": 1, "product_price": 799.0, "ordered": true, "created_at": "2025-11-15T12:22:42.723Z", "updated_at": "2025-11-15T12:22:42.723Z"}}, {"model": "orders.orderproduct", "pk": 11, "fields": {"order": 41, "payment": 8, "user": ["jacksmith91@gmail.com"], "product": 2, "variant": 30, "quantity": 1, "product_price": 99.0, "ordered": true, "created_at": "2025-11-15T13:04:53.331Z", "updated_at": "2025-11-15T13:04:53.331Z"}}, {"model": "orders.orderproduct", "pk": 12, "fields": {"order": 42, "payment": 9, "user": ["jacksmith91@gmail.com"], "product": 2, "variant": 49, "quantity": 1, "product_price": 99.0, "ordered": true, "created_at": "2025-11-15T13:14:15.868Z", "updated_at": "2025-11-15T13:14:15.868Z"}}, {"model": "orders.orderproduct", "pk": 13, "fields": {"order": 43, "payment": 10, "user": ["jacksmith91@gmail.com"], "product": 2, "variant": 31, "quantity": 1, "product_price": 99.0, "ordered": true, "created_at": "2025-11-15T14:26:47.567Z", "updated_at": "2025-11-15T14:26:47.567Z"}}, {"model": "orders.orderproduct", "pk": 14, "fields": {"order": 46, "payment": 11, "user": ["jacksmith91@gmail.com"], "product": 2, "variant": 31, "quantity": 1, "product_price": 99.0, "ordered": true, "created_at": "2025-11-15T14:53:15.345Z", "updated_at": "2025-11-15T14:53:15.345Z"}}, {"model": "orders.orderproduct", "pk": 15, "fields": {"order": 47, "payment": 12, "user": ["jacksmith91@gmail.com"], "product": 6, "variant": 50, "quantity": 1, "product_price": 599.0, "ordered": true, "created_at": "2025-11-17T05:49:04.015Z", "updated_at": "2025-11-17T05:49:04.015Z"}}, {"model": "orders.orderproduct", "pk": 16, "fields": {"order": 48, "payment": 13, "user": ["jacksmith91@gmail.com"], "product": 4, "variant": 51, "quantity": 1, "product_price": 99.0, "ordered": true, "created_at": "2025-11-17T05:51:20.433Z", "updated_at": "2025-11-17T05:51:20.433Z"}}, {"model": "orders.orderproduct", "pk": 17, "fields": {"order": 49, "payment": 14, "user": ["jacksmith91@gmail.com"], "product": 2, "variant": 49, "quantity": 1, "product_price": 99.0, "ordered": true, "created_at": "2025-11-17T06:14:20.471Z", "updated_at": "2025-11-17T06:14:20.471Z"}}, {"model": "orders.orderproduct", "pk": 18, "fields": {"order": 52, "payment": 15, "user": ["ankushsali21@gmail.com"], "product": 1, "variant": 52, "quantity": 1, "product_price": 199.0, "ordered": true, "created_at": "2025-11-17T07:36:11.109Z", "updated_at": "2025-11-17T07:36:11.109Z"}}, {"model": "orders.orderproduct", "pk": 19, "fields": {"order": 52, "payment": 15, "user": ["ankushsali21@gmail.com"], "product": 8, "variant": 53, "quantity": 2, "product_price": 199.0, "ordered": true, "created_at": "2025-11-17T07:36:11.128Z", "updated_at": "2025-11-17T07:36:11.128Z"}}, {"model": "orders.orderproduct", "pk": 20, "fields": {"order": 55, "payment": 16, "user": ["saliankush21@gmail.com"], "product": 2, "variant": 44, "quantity": 6, "product_price": 99.0, "ordered": true, "created_at": "2025-12-19T08:48:36.316Z", "updated_at": "2025-12-19T08:48:36.316Z"}}, {"model": "orders.orderproduct", "pk": 21, "fields": {"order": 55, "payment": 16, "user": ["saliankush21@gmail.com"], "product": 2, "variant": 45, "quantity": 4, "product_price": 99.0, "ordered": true, "created_at": "2025-12-19T08:48:36.347Z", "updated_at": "2025-12-19T08:48:36.347Z"}}, {"model": "orders.orderproduct", "pk": 22, "fields": {"order": 56, "payment": 17, "user": ["saliankush21@gmail.com"], "product": 7, "variant": 54, "quantity": 1, "product_price": 299.0, "ordered": true, "created_at": "2025-12-19T09:58:46.130Z", "updated_at": "2025-12-19T09:58:46.130Z"}}, {"model": "auth.permission", "fields": {"name": "Can add log entry", "content_type": ["admin", "logentry"], "codename": "add_logentry"}}, {"model": "auth.permission", "fields": {"name": "Can change log entry", "content_type": ["admin", "logentry"], "codename": "change_logentry"}}, {"model": "auth.permission", "fields": {"name": "Can delete log entry", "content_type": ["admin", "logentry"], "codename": "delete_logentry"}}, {"model": "auth.permission", "fields": {"name": "Can view log entry", "content_type": ["admin", "logentry"], "codename": "view_logentry"}}, {"model": "auth.permission", "fields": {"name": "Can add permission", "content_type": ["auth", "permission"], "codename": "add_permission"}}, {"model": "auth.permission", "fields": {"name": "Can change permission", "content_type": ["auth", "permission"], "codename": "change_permission"}}, {"model": "auth.permission", "fields": {"name": "Can delete permission", "content_type": ["auth", "permission"], "codename": "delete_permission"}}, {"model": "auth.permission", "fields": {"name": "Can view permission", "content_type": ["auth", "permission"], "codename": "view_permission"}}, {"model": "auth.permission", "fields": {"name": "Can add group", "content_type": ["auth", "group"], "codename": "add_group"}}, {"model": "auth.permission", "fields": {"name": "Can change group", "content_type": ["auth", "group"], "codename": "change_group"}}, {"model": "auth.permission", "fields": {"name": "Can delete group", "content_type": ["auth", "group"], "codename": "delete_group"}}, {"model": "auth.permission", "fields": {"name": "Can view group", "content_type": ["auth", "group"], "codename": "view_group"}}, {"model": "auth.permission", "fields": {"name": "Can add content type", "content_type": ["contenttypes", "contenttype"], "codename": "add_contenttype"}}, {"model": "auth.permission", "fields": {"name": "Can change content type", "content_type": ["contenttypes", "contenttype"], "codename": "change_contenttype"}}, {"model": "auth.permission", "fields": {"name": "Can delete content type", "content_type": ["contenttypes", "contenttype"], "codename": "delete_contenttype"}}, {"model": "auth.permission", "fields": {"name": "Can view content type", "content_type": ["contenttypes", "contenttype"], "codename": "view_contenttype"}}, {"model": "auth.permission", "fields": {"name": "Can add session", "content_type": ["sessions", "session"], "codename": "add_session"}}, {"model": "auth.permission", "fields": {"name": "Can change session", "content_type": ["sessions", "session"], "codename": "change_session"}}, {"model": "auth.permission", "fields": {"name": "Can delete session", "content_type": ["sessions", "session"], "codename": "delete_session"}}, {"model": "auth.permission", "fields": {"name": "Can view session", "content_type": ["sessions", "session"], "codename": "view_session"}}, {"model": "auth.permission", "fields": {"name": "Can add Category", "content_type": ["category", "category"], "codename": "add_category"}}, {"model": "auth.permission", "fields": {"name": "Can change Category", "content_type": ["category", "category"], "codename": "change_category"}}, {"model": "auth.permission", "fields": {"name": "Can delete Category", "content_type": ["category", "category"], "codename": "delete_category"}}, {"model": "auth.permission", "fields": {"name": "Can view Category", "content_type": ["category", "category"], "codename": "view_category"}}, {"model": "auth.permission", "fields": {"name": "Can add account", "content_type": ["accounts", "account"], "codename": "add_account"}}, {"model": "auth.permission", "fields": {"name": "Can change account", "content_type": ["accounts", "account"], "codename": "change_account"}}, {"model": "auth.permission", "fields": {"name": "Can delete account", "content_type": ["accounts", "account"], "codename": "delete_account"}}, {"model": "auth.permission", "fields": {"name": "Can view account", "content_type": ["accounts", "account"], "codename": "view_account"}}, {"model": "auth.permission", "fields": {"name": "Can add product", "content_type": ["store", "product"], "codename": "add_product"}}, {"model": "auth.permission", "fields": {"name": "Can change product", "content_type": ["store", "product"], "codename": "change_product"}}, {"model": "auth.permission", "fields": {"name": "Can delete product", "content_type": ["store", "product"], "codename": "delete_product"}}, {"model": "auth.permission", "fields": {"name": "Can view product", "content_type": ["store", "product"], "codename": "view_product"}}, {"model": "auth.permission", "fields": {"name": "Can add product variant", "content_type": ["store", "productvariant"], "codename": "add_productvariant"}}, {"model": "auth.permission", "fields": {"name": "Can change product variant", "content_type": ["store", "productvariant"], "codename": "change_productvariant"}}, {"model": "auth.permission", "fields": {"name": "Can delete product variant", "content_type": ["store", "productvariant"], "codename": "delete_productvariant"}}, {"model": "auth.permission", "fields": {"name": "Can view product variant", "content_type": ["store", "productvariant"], "codename": "view_productvariant"}}, {"model": "auth.permission", "fields": {"name": "Can add cart", "content_type": ["carts", "cart"], "codename": "add_cart"}}, {"model": "auth.permission", "fields": {"name": "Can change cart", "content_type": ["carts", "cart"], "codename": "change_cart"}}, {"model": "auth.permission", "fields": {"name": "Can delete cart", "content_type": ["carts", "cart"], "codename": "delete_cart"}}, {"model": "auth.permission", "fields": {"name": "Can view cart", "content_type": ["carts", "cart"], "codename": "view_cart"}}, {"model": "auth.permission", "fields": {"name": "Can add cart item", "content_type": ["carts", "cartitem"], "codename": "add_cartitem"}}, {"model": "auth.permission", "fields": {"name": "Can change cart item", "content_type": ["carts", "cartitem"], "codename": "change_cartitem"}}, {"model": "auth.permission", "fields": {"name": "Can delete cart item", "content_type": ["carts", "cartitem"], "codename": "delete_cartitem"}}, {"model": "auth.permission", "fields": {"name": "Can view cart item", "content_type": ["carts", "cartitem"], "codename": "view_cartitem"}}, {"model": "auth.permission", "fields": {"name": "Can add order product", "content_type": ["orders", "orderproduct"], "codename": "add_orderproduct"}}, {"model": "auth.permission", "fields": {"name": "Can change order product", "content_type": ["orders", "orderproduct"], "codename": "change_orderproduct"}}, {"model": "auth.permission", "fields": {"name": "Can delete order product", "content_type": ["orders", "orderproduct"], "codename": "delete_orderproduct"}}, {"model": "auth.permission", "fields": {"name": "Can view order product", "content_type": ["orders", "orderproduct"], "codename": "view_orderproduct"}}, {"model": "auth.permission", "fields": {"name": "Can add payment", "content_type": ["orders", "payment"], "codename": "add_payment"}}, {"model": "auth.permission", "fields": {"name": "Can change payment", "content_type": ["orders", "payment"], "codename": "change_payment"}}, {"model": "auth.permission", "fields": {"name": "Can delete payment", "content_type": ["orders", "payment"], "codename": "delete_payment"}}, {"model": "auth.permission", "fields": {"name": "Can view payment", "content_type": ["orders", "payment"], "codename": "view_payment"}}, {"model": "auth.permission", "fields": {"name": "Can add order", "content_type": ["orders", "order"], "codename": "add_order"}}, {"model": "auth.permission", "fields": {"name": "Can change order", "content_type": ["orders", "order"], "codename": "change_order"}}, {"model": "auth.permission", "fields": {"name": "Can delete order", "content_type": ["orders", "order"], "codename": "delete_order"}}, {"model": "auth.permission", "fields": {"name": "Can view order", "content_type": ["orders", "order"], "codename": "view_order"}}, {"model": "auth.permission", "fields": {"name": "Can add review rating", "content_type": ["store", "reviewrating"], "codename": "add_reviewrating"}}, {"model": "auth.permission", "fields": {"name": "Can change review rating", "content_type": ["store", "reviewrating"], "codename": "change_reviewrating"}}, {"model": "auth.permission", "fields": {"name": "Can delete review rating", "content_type": ["store", "reviewrating"], "codename": "delete_reviewrating"}}, {"model": "auth.permission", "fields": {"name": "Can view review rating", "content_type": ["store", "reviewrating"], "codename": "view_reviewrating"}}, {"model": "auth.permission", "fields": {"name": "Can add user profile", "content_type": ["orders", "userprofile"], "codename": "add_userprofile"}}, {"model": "auth.permission", "fields": {"name": "Can change user profile", "content_type": ["orders", "userprofile"], "codename": "change_userprofile"}}, {"model": "auth.permission", "fields": {"name": "Can delete user profile", "content_type": ["orders", "userprofile"], "codename": "delete_userprofile"}}, {"model": "auth.permission", "fields": {"name": "Can view user profile", "content_type": ["orders", "userprofile"], "codename": "view_userprofile"}}, {"model": "auth.permission", "fields": {"name": "Can add user profile", "content_type": ["accounts", "userprofile"], "codename": "add_userprofile"}}, {"model": "auth.permission", "fields": {"name": "Can change user profile", "content_type": ["accounts", "userprofile"], "codename": "change_userprofile"}}, {"model": "auth.permission", "fields": {"name": "Can delete user profile", "content_type": ["accounts", "userprofile"], "codename": "delete_userprofile"}}, {"model": "auth.permission", "fields": {"name": "Can view user profile", "content_type": ["accounts", "userprofile"], "codename": "view_userprofile"}}, {"model": "auth.permission", "fields": {"name": "Can add product gallery", "content_type": ["store", "productgallery"], "codename": "add_productgallery"}}, {"model": "auth.permission", "fields": {"name": "Can change product gallery", "content_type": ["store", "productgallery"], "codename": "change_productgallery"}}, {"model": "auth.permission", "fields": {"name": "Can delete product gallery", "content_type": ["store", "productgallery"], "codename": "delete_productgallery"}}, {"model": "auth.permission", "fields": {"name": "Can view product gallery", "content_type": ["store", "productgallery"], "codename": "view_productgallery"}}, {"model": "admin.logentry", "pk": 1, "fields": {"action_time": "2025-11-08T10:44:05.809Z", "user": ["saliankush21@gmail.com"], "content_type": ["category", "category"], "object_id": "1", "object_repr": "Jeans", "action_flag": 1, "change_message": "[{\"added\": {}}]"}}, {"model": "admin.logentry", "pk": 2, "fields": {"action_time": "2025-11-08T10:44:27.370Z", "user": ["saliankush21@gmail.com"], "content_type": ["category", "category"], "object_id": "2", "object_repr": "Jackets", "action_flag": 1, "change_message": "[{\"added\": {}}]"}}, {"model": "admin.logentry", "pk": 3, "fields": {"action_time": "2025-11-08T10:44:55.037Z", "user": ["saliankush21@gmail.com"], "content_type": ["category", "category"], "object_id": "3", "object_repr": "T-Shirts", "action_flag": 1, "change_message": "[{\"added\": {}}]"}}, {"model": "admin.logentry", "pk": 4, "fields": {"action_time": "2025-11-08T10:45:16.714Z", "user": ["saliankush21@gmail.com"], "content_type": ["category", "category"], "object_id": "4", "object_repr": "Shirts", "action_flag": 1, "change_message": "[{\"added\": {}}]"}}, {"model": "admin.logentry", "pk": 5, "fields": {"action_time": "2025-11-08T10:45:42.163Z", "user": ["saliankush21@gmail.com"], "content_type": ["category", "category"], "object_id": "5", "object_repr": "Shoes", "action_flag": 1, "change_message": "[{\"added\": {}}]"}}, {"model": "admin.logentry", "pk": 6, "fields": {"action_time": "2025-11-08T10:46:46.771Z", "user": ["saliankush21@gmail.com"], "content_type": ["store", "product"], "object_id": "1", "object_repr": "ATX Jeans", "action_flag": 1, "change_message": "[{\"added\": {}}]"}}, {"model": "admin.logentry", "pk": 7, "fields": {"action_time": "2025-11-08T10:47:32.187Z", "user": ["saliankush21@gmail.com"], "content_type": ["store", "product"], "object_id": "2", "object_repr": "Blue Shirt", "action_flag": 1, "change_message": "[{\"added\": {}}]"}}, {"model": "admin.logentry", "pk": 8, "fields": {"action_time": "2025-11-08T10:48:11.806Z", "user": ["saliankush21@gmail.com"], "content_type": ["store", "product"], "object_id": "3", "object_repr": "US Polo Assn Jacket", "action_flag": 1, "change_message": "[{\"added\": {}}]"}}, {"model": "admin.logentry", "pk": 9, "fields": {"action_time": "2025-11-08T10:49:11.623Z", "user": ["saliankush21@gmail.com"], "content_type": ["store", "product"], "object_id": "4", "object_repr": "Great T-Shirt", "action_flag": 1, "change_message": "[{\"added\": {}}]"}}, {"model": "admin.logentry", "pk": 10, "fields": {"action_time": "2025-11-08T10:50:08.233Z", "user": ["saliankush21@gmail.com"], "content_type": ["store", "product"], "object_id": "5", "object_repr": "Jordan Basketball Shoes", "action_flag": 1, "change_message": "[{\"added\": {}}]"}}, {"model": "admin.logentry", "pk": 11, "fields": {"action_time": "2025-11-08T10:50:48.764Z", "user": ["saliankush21@gmail.com"], "content_type": ["store", "product"], "object_id": "6", "object_repr": "Puma Ferrari Shoes", "action_flag": 1, "change_message": "[{\"added\": {}}]"}}, {"model": "admin.logentry", "pk": 12, "fields": {"action_time": "2025-11-08T10:52:10.062Z", "user": ["saliankush21@gmail.com"], "content_type": ["store", "product"], "object_id": "7", "object_repr": "Mavi Jean", "action_flag": 1, "change_message": "[{\"added\": {}}]"}}, {"model": "admin.logentry", "pk": 13, "fields": {"action_time": "2025-11-08T10:53:08.543Z", "user": ["saliankush21@gmail.com"], "content_type": ["store", "product"], "object_id": "8", "object_repr": "Wrangler Shirt", "action_flag": 1, "change_message": "[{\"added\": {}}]"}}, {"model": "admin.logentry", "pk": 14, "fields": {"action_time": "2025-11-08T10:57:53.049Z", "user": ["saliankush21@gmail.com"], "content_type": ["carts", "cartitem"], "object_id": "3", "object_repr": "ATX Jeans (Blue, S)", "action_flag": 2, "change_message": "[{\"changed\": {\"fields\": [\"User\"]}}]"}}, {"model": "admin.logentry", "pk": 15, "fields": {"action_time": "2025-11-08T10:58:02.914Z", "user": ["saliankush21@gmail.com"], "content_type": ["carts", "cartitem"], "object_id": "2", "object_repr": "ATX Jeans (White, XS)", "action_flag": 2, "change_message": "[{\"changed\": {\"fields\": [\"User\"]}}]"}}, {"model": "admin.logentry", "pk": 16, "fields": {"action_time": "2025-11-08T10:58:13.319Z", "user": ["saliankush21@gmail.com"], "content_type": ["carts", "cartitem"], "object_id": "1", "object_repr": "Blue Shirt (Blue, S)", "action_flag": 2, "change_message": "[{\"changed\": {\"fields\": [\"User\"]}}]"}}, {"model": "admin.logentry", "pk": 17, "fields": {"action_time": "2025-11-08T12:07:54.466Z", "user": ["saliankush21@gmail.com"], "content_type": ["carts", "cartitem"], "object_id": "21", "object_repr": "ATX Jeans (Black, XS)", "action_flag": 3, "change_message": ""}}, {"model": "admin.logentry", "pk": 18, "fields": {"action_time": "2025-11-08T12:07:54.467Z", "user": ["saliankush21@gmail.com"], "content_type": ["carts", "cartitem"], "object_id": "19", "object_repr": "Jordan Basketball Shoes (Red, XL)", "action_flag": 3, "change_message": ""}}, {"model": "admin.logentry", "pk": 19, "fields": {"action_time": "2025-11-08T12:07:54.467Z", "user": ["saliankush21@gmail.com"], "content_type": ["carts", "cartitem"], "object_id": "18", "object_repr": "Blue Shirt (Blue, M)", "action_flag": 3, "change_message": ""}}, {"model": "admin.logentry", "pk": 20, "fields": {"action_time": "2025-11-08T12:07:54.467Z", "user": ["saliankush21@gmail.com"], "content_type": ["carts", "cartitem"], "object_id": "17", "object_repr": "US Polo Assn Jacket (Blue, L)", "action_flag": 3, "change_message": ""}}, {"model": "admin.logentry", "pk": 21, "fields": {"action_time": "2025-11-08T12:07:54.467Z", "user": ["saliankush21@gmail.com"], "content_type": ["carts", "cartitem"], "object_id": "16", "object_repr": "ATX Jeans (White, S)", "action_flag": 3, "change_message": ""}}, {"model": "admin.logentry", "pk": 22, "fields": {"action_time": "2025-11-08T12:07:54.467Z", "user": ["saliankush21@gmail.com"], "content_type": ["carts", "cartitem"], "object_id": "15", "object_repr": "US Polo Assn Jacket (White, S)", "action_flag": 3, "change_message": ""}}, {"model": "admin.logentry", "pk": 23, "fields": {"action_time": "2025-11-08T12:07:54.467Z", "user": ["saliankush21@gmail.com"], "content_type": ["carts", "cartitem"], "object_id": "14", "object_repr": "ATX Jeans (Blue, L)", "action_flag": 3, "change_message": ""}}, {"model": "admin.logentry", "pk": 24, "fields": {"action_time": "2025-11-08T12:07:54.467Z", "user": ["saliankush21@gmail.com"], "content_type": ["carts", "cartitem"], "object_id": "13", "object_repr": "ATX Jeans (Blue, XS)", "action_flag": 3, "change_message": ""}}, {"model": "admin.logentry", "pk": 25, "fields": {"action_time": "2025-11-08T12:07:54.467Z", "user": ["saliankush21@gmail.com"], "content_type": ["carts", "cartitem"], "object_id": "12", "object_repr": "Great T-Shirt (Blue, L)", "action_flag": 3, "change_message": ""}}, {"model": "admin.logentry", "pk": 26, "fields": {"action_time": "2025-11-08T12:07:54.468Z", "user": ["saliankush21@gmail.com"], "content_type": ["carts", "cartitem"], "object_id": "11", "object_repr": "Jordan Basketball Shoes (White, S)", "action_flag": 3, "change_message": ""}}, {"model": "admin.logentry", "pk": 27, "fields": {"action_time": "2025-11-08T12:07:54.468Z", "user": ["saliankush21@gmail.com"], "content_type": ["carts", "cartitem"], "object_id": "10", "object_repr": "Wrangler Shirt (White, M)", "action_flag": 3, "change_message": ""}}, {"model": "admin.logentry", "pk": 28, "fields": {"action_time": "2025-11-08T12:07:54.468Z", "user": ["saliankush21@gmail.com"], "content_type": ["carts", "cartitem"], "object_id": "9", "object_repr": "US Polo Assn Jacket (White, M)", "action_flag": 3, "change_message": ""}}, {"model": "admin.logentry", "pk": 29, "fields": {"action_time": "2025-11-08T12:07:54.468Z", "user": ["saliankush21@gmail.com"], "content_type": ["carts", "cartitem"], "object_id": "8", "object_repr": "Jordan Basketball Shoes (Blue, M)", "action_flag": 3, "change_message": ""}}, {"model": "admin.logentry", "pk": 30, "fields": {"action_time": "2025-11-08T12:07:54.468Z", "user": ["saliankush21@gmail.com"], "content_type": ["carts", "cartitem"], "object_id": "7", "object_repr": "Puma Ferrari Shoes (White, M)", "action_flag": 3, "change_message": ""}}, {"model": "admin.logentry", "pk": 31, "fields": {"action_time": "2025-11-08T12:07:54.468Z", "user": ["saliankush21@gmail.com"], "content_type": ["carts", "cartitem"], "object_id": "6", "object_repr": "Puma Ferrari Shoes (Blue, S)", "action_flag": 3, "change_message": ""}}, {"model": "admin.logentry", "pk": 32, "fields": {"action_time": "2025-11-08T12:07:54.468Z", "user": ["saliankush21@gmail.com"], "content_type": ["carts", "cartitem"], "object_id": "5", "object_repr": "ATX Jeans (Gray, XL)", "action_flag": 3, "change_message": ""}}, {"model": "admin.logentry", "pk": 33, "fields": {"action_time": "2025-11-08T12:07:54.468Z", "user": ["saliankush21@gmail.com"], "content_type": ["carts", "cartitem"], "object_id": "4", "object_repr": "ATX Jeans (Blue, S)", "action_flag": 3, "change_message": ""}}, {"model": "admin.logentry", "pk": 34, "fields": {"action_time": "2025-11-08T12:07:54.468Z", "user": ["saliankush21@gmail.com"], "content_type": ["carts", "cartitem"], "object_id": "3", "object_repr": "ATX Jeans (Blue, S)", "action_flag": 3, "change_message": ""}}, {"model": "admin.logentry", "pk": 35, "fields": {"action_time": "2025-11-08T12:07:54.468Z", "user": ["saliankush21@gmail.com"], "content_type": ["carts", "cartitem"], "object_id": "2", "object_repr": "ATX Jeans (White, XS)", "action_flag": 3, "change_message": ""}}, {"model": "admin.logentry", "pk": 36, "fields": {"action_time": "2025-11-08T12:07:54.469Z", "user": ["saliankush21@gmail.com"], "content_type": ["carts", "cartitem"], "object_id": "1", "object_repr": "Blue Shirt (Blue, S)", "action_flag": 3, "change_message": ""}}, {"model": "admin.logentry", "pk": 37, "fields": {"action_time": "2025-11-10T11:06:29.849Z", "user": ["saliankush21@gmail.com"], "content_type": ["store", "productvariant"], "object_id": "19", "object_repr": "ATX Jeans (Black, XS)", "action_flag": 3, "change_message": ""}}, {"model": "admin.logentry", "pk": 38, "fields": {"action_time": "2025-11-10T11:06:29.850Z", "user": ["saliankush21@gmail.com"], "content_type": ["store", "productvariant"], "object_id": "18", "object_repr": "Jordan Basketball Shoes (Red, XL)", "action_flag": 3, "change_message": ""}}, {"model": "admin.logentry", "pk": 39, "fields": {"action_time": "2025-11-10T11:06:29.850Z", "user": ["saliankush21@gmail.com"], "content_type": ["store", "productvariant"], "object_id": "17", "object_repr": "Blue Shirt (Blue, M)", "action_flag": 3, "change_message": ""}}, {"model": "admin.logentry", "pk": 40, "fields": {"action_time": "2025-11-10T11:06:29.850Z", "user": ["saliankush21@gmail.com"], "content_type": ["store", "productvariant"], "object_id": "16", "object_repr": "US Polo Assn Jacket (Blue, L)", "action_flag": 3, "change_message": ""}}, {"model": "admin.logentry", "pk": 41, "fields": {"action_time": "2025-11-10T11:06:29.850Z", "user": ["saliankush21@gmail.com"], "content_type": ["store", "productvariant"], "object_id": "15", "object_repr": "ATX Jeans (White, S)", "action_flag": 3, "change_message": ""}}, {"model": "admin.logentry", "pk": 42, "fields": {"action_time": "2025-11-10T11:06:29.850Z", "user": ["saliankush21@gmail.com"], "content_type": ["store", "productvariant"], "object_id": "14", "object_repr": "US Polo Assn Jacket (White, S)", "action_flag": 3, "change_message": ""}}, {"model": "admin.logentry", "pk": 43, "fields": {"action_time": "2025-11-10T11:06:29.850Z", "user": ["saliankush21@gmail.com"], "content_type": ["store", "productvariant"], "object_id": "13", "object_repr": "ATX Jeans (Blue, L)", "action_flag": 3, "change_message": ""}}, {"model": "admin.logentry", "pk": 44, "fields": {"action_time": "2025-11-10T11:06:29.851Z", "user": ["saliankush21@gmail.com"], "content_type": ["store", "productvariant"], "object_id": "12", "object_repr": "ATX Jeans (Blue, XS)", "action_flag": 3, "change_message": ""}}, {"model": "admin.logentry", "pk": 45, "fields": {"action_time": "2025-11-10T11:06:29.851Z", "user": ["saliankush21@gmail.com"], "content_type": ["store", "productvariant"], "object_id": "11", "object_repr": "Great T-Shirt (Blue, L)", "action_flag": 3, "change_message": ""}}, {"model": "admin.logentry", "pk": 46, "fields": {"action_time": "2025-11-10T11:06:29.851Z", "user": ["saliankush21@gmail.com"], "content_type": ["store", "productvariant"], "object_id": "10", "object_repr": "Jordan Basketball Shoes (White, S)", "action_flag": 3, "change_message": ""}}, {"model": "admin.logentry", "pk": 47, "fields": {"action_time": "2025-11-10T11:06:29.851Z", "user": ["saliankush21@gmail.com"], "content_type": ["store", "productvariant"], "object_id": "9", "object_repr": "Wrangler Shirt (White, M)", "action_flag": 3, "change_message": ""}}, {"model": "admin.logentry", "pk": 48, "fields": {"action_time": "2025-11-10T11:06:29.851Z", "user": ["saliankush21@gmail.com"], "content_type": ["store", "productvariant"], "object_id": "8", "object_repr": "US Polo Assn Jacket (White, M)", "action_flag": 3, "change_message": ""}}, {"model": "admin.logentry", "pk": 49, "fields": {"action_time": "2025-11-10T11:06:29.851Z", "user": ["saliankush21@gmail.com"], "content_type": ["store", "productvariant"], "object_id": "7", "object_repr": "Jordan Basketball Shoes (Blue, M)", "action_flag": 3, "change_message": ""}}, {"model": "admin.logentry", "pk": 50, "fields": {"action_time": "2025-11-10T11:06:29.851Z", "user": ["saliankush21@gmail.com"], "content_type": ["store", "productvariant"], "object_id": "6", "object_repr": "Puma Ferrari Shoes (White, M)", "action_flag": 3, "change_message": ""}}, {"model": "admin.logentry", "pk": 51, "fields": {"action_time": "2025-11-10T11:06:29.851Z", "user": ["saliankush21@gmail.com"], "content_type": ["store", "productvariant"], "object_id": "5", "object_repr": "Puma Ferrari Shoes (Blue, S)", "action_flag": 3, "change_message": ""}}, {"model": "admin.logentry", "pk": 52, "fields": {"action_time": "2025-11-10T11:06:29.852Z", "user": ["saliankush21@gmail.com"], "content_type": ["store", "productvariant"], "object_id": "4", "object_repr": "ATX Jeans (Gray, XL)", "action_flag": 3, "change_message": ""}}, {"model": "admin.logentry", "pk": 53, "fields": {"action_time": "2025-11-10T11:06:29.852Z", "user": ["saliankush21@gmail.com"], "content_type": ["store", "productvariant"], "object_id": "3", "object_repr": "ATX Jeans (Blue, S)", "action_flag": 3, "change_message": ""}}, {"model": "admin.logentry", "pk": 54, "fields": {"action_time": "2025-11-10T11:06:29.852Z", "user": ["saliankush21@gmail.com"], "content_type": ["store", "productvariant"], "object_id": "2", "object_repr": "ATX Jeans (White, XS)", "action_flag": 3, "change_message": ""}}, {"model": "admin.logentry", "pk": 55, "fields": {"action_time": "2025-11-10T11:06:29.852Z", "user": ["saliankush21@gmail.com"], "content_type": ["store", "productvariant"], "object_id": "1", "object_repr": "Blue Shirt (Blue, S)", "action_flag": 3, "change_message": ""}}, {"model": "admin.logentry", "pk": 56, "fields": {"action_time": "2025-11-10T12:27:56.074Z", "user": ["saliankush21@gmail.com"], "content_type": ["store", "productvariant"], "object_id": "27", "object_repr": "ATX Jeans (Blue, M)", "action_flag": 3, "change_message": ""}}, {"model": "admin.logentry", "pk": 57, "fields": {"action_time": "2025-11-10T12:27:56.074Z", "user": ["saliankush21@gmail.com"], "content_type": ["store", "productvariant"], "object_id": "26", "object_repr": "ATX Jeans (Black, M)", "action_flag": 3, "change_message": ""}}, {"model": "admin.logentry", "pk": 58, "fields": {"action_time": "2025-11-10T12:27:56.074Z", "user": ["saliankush21@gmail.com"], "content_type": ["store", "productvariant"], "object_id": "25", "object_repr": "ATX Jeans (Blue, L)", "action_flag": 3, "change_message": ""}}, {"model": "admin.logentry", "pk": 59, "fields": {"action_time": "2025-11-10T12:27:56.074Z", "user": ["saliankush21@gmail.com"], "content_type": ["store", "productvariant"], "object_id": "24", "object_repr": "ATX Jeans (White, M)", "action_flag": 3, "change_message": ""}}, {"model": "admin.logentry", "pk": 60, "fields": {"action_time": "2025-11-10T12:27:56.074Z", "user": ["saliankush21@gmail.com"], "content_type": ["store", "productvariant"], "object_id": "23", "object_repr": "ATX Jeans (Gray, XL)", "action_flag": 3, "change_message": ""}}, {"model": "admin.logentry", "pk": 61, "fields": {"action_time": "2025-11-10T12:27:56.074Z", "user": ["saliankush21@gmail.com"], "content_type": ["store", "productvariant"], "object_id": "22", "object_repr": "Blue Shirt (Gray, M)", "action_flag": 3, "change_message": ""}}, {"model": "admin.logentry", "pk": 62, "fields": {"action_time": "2025-11-10T12:27:56.074Z", "user": ["saliankush21@gmail.com"], "content_type": ["store", "productvariant"], "object_id": "21", "object_repr": "ATX Jeans (Black, S)", "action_flag": 3, "change_message": ""}}, {"model": "admin.logentry", "pk": 63, "fields": {"action_time": "2025-11-10T12:27:56.074Z", "user": ["saliankush21@gmail.com"], "content_type": ["store", "productvariant"], "object_id": "20", "object_repr": "Blue Shirt (Blue, M)", "action_flag": 3, "change_message": ""}}, {"model": "admin.logentry", "pk": 64, "fields": {"action_time": "2025-11-10T12:34:36.940Z", "user": ["saliankush21@gmail.com"], "content_type": ["carts", "cartitem"], "object_id": "38", "object_repr": "ATX Jeans (Black, M)", "action_flag": 3, "change_message": ""}}, {"model": "admin.logentry", "pk": 65, "fields": {"action_time": "2025-11-10T12:34:44.489Z", "user": ["saliankush21@gmail.com"], "content_type": ["carts", "cartitem"], "object_id": "39", "object_repr": "ATX Jeans (Black, M)", "action_flag": 3, "change_message": ""}}, {"model": "admin.logentry", "pk": 66, "fields": {"action_time": "2025-11-10T12:34:44.489Z", "user": ["saliankush21@gmail.com"], "content_type": ["carts", "cartitem"], "object_id": "37", "object_repr": "US Polo Assn Jacket (White, M)", "action_flag": 3, "change_message": ""}}, {"model": "admin.logentry", "pk": 67, "fields": {"action_time": "2025-11-11T12:47:25.276Z", "user": ["saliankush21@gmail.com"], "content_type": ["accounts", "account"], "object_id": "3", "object_repr": "ankushsali21@gmail.com", "action_flag": 3, "change_message": ""}}, {"model": "admin.logentry", "pk": 68, "fields": {"action_time": "2025-11-11T12:50:04.049Z", "user": ["saliankush21@gmail.com"], "content_type": ["accounts", "account"], "object_id": "4", "object_repr": "ankushsali21@gmail.com", "action_flag": 3, "change_message": ""}}, {"model": "admin.logentry", "pk": 69, "fields": {"action_time": "2025-11-11T12:56:09.220Z", "user": ["saliankush21@gmail.com"], "content_type": ["accounts", "account"], "object_id": "5", "object_repr": "ankushsali21@gmail.com", "action_flag": 3, "change_message": ""}}, {"model": "admin.logentry", "pk": 70, "fields": {"action_time": "2025-11-11T13:53:23.169Z", "user": ["saliankush21@gmail.com"], "content_type": ["accounts", "account"], "object_id": "6", "object_repr": "ankushsali21@gmail.com", "action_flag": 3, "change_message": ""}}, {"model": "admin.logentry", "pk": 71, "fields": {"action_time": "2025-11-11T14:17:09.853Z", "user": ["saliankush21@gmail.com"], "content_type": ["accounts", "account"], "object_id": "7", "object_repr": "ankushsali21@gmail.com", "action_flag": 3, "change_message": ""}}, {"model": "admin.logentry", "pk": 72, "fields": {"action_time": "2025-11-11T14:19:51.512Z", "user": ["saliankush21@gmail.com"], "content_type": ["accounts", "account"], "object_id": "8", "object_repr": "ankushsali21@gmail.com", "action_flag": 3, "change_message": ""}}, {"model": "admin.logentry", "pk": 73, "fields": {"action_time": "2025-11-11T14:21:26.185Z", "user": ["saliankush21@gmail.com"], "content_type": ["accounts", "account"], "object_id": "9", "object_repr": "ankushsali21@gmail.com", "action_flag": 3, "change_message": ""}}, {"model": "admin.logentry", "pk": 74, "fields": {"action_time": "2025-11-11T14:29:14.332Z", "user": ["saliankush21@gmail.com"], "content_type": ["accounts", "account"], "object_id": "10", "object_repr": "ankushsali21@gmail.com", "action_flag": 3, "change_message": ""}}, {"model": "admin.logentry", "pk": 75, "fields": {"action_time": "2025-11-11T14:31:45.027Z", "user": ["saliankush21@gmail.com"], "content_type": ["accounts", "account"], "object_id": "11", "object_repr": "ankushsali21@gmail.com", "action_flag": 3, "change_message": ""}}, {"model": "admin.logentry", "pk": 76, "fields": {"action_time": "2025-11-14T13:28:48.370Z", "user": ["saliankush21@gmail.com"], "content_type": ["orders", "order"], "object_id": "32", "object_repr": "Ankush", "action_flag": 3, "change_message": ""}}, {"model": "admin.logentry", "pk": 77, "fields": {"action_time": "2025-11-14T13:28:48.370Z", "user": ["saliankush21@gmail.com"], "content_type": ["orders", "order"], "object_id": "31", "object_repr": "Ankush", "action_flag": 3, "change_message": ""}}, {"model": "admin.logentry", "pk": 78, "fields": {"action_time": "2025-11-14T13:28:48.370Z", "user": ["saliankush21@gmail.com"], "content_type": ["orders", "order"], "object_id": "30", "object_repr": "Ankush", "action_flag": 3, "change_message": ""}}, {"model": "admin.logentry", "pk": 79, "fields": {"action_time": "2025-11-14T13:28:48.370Z", "user": ["saliankush21@gmail.com"], "content_type": ["orders", "order"], "object_id": "29", "object_repr": "Ankush", "action_flag": 3, "change_message": ""}}, {"model": "admin.logentry", "pk": 80, "fields": {"action_time": "2025-11-14T13:28:48.370Z", "user": ["saliankush21@gmail.com"], "content_type": ["orders", "order"], "object_id": "28", "object_repr": "Ankush", "action_flag": 3, "change_message": ""}}, {"model": "admin.logentry", "pk": 81, "fields": {"action_time": "2025-11-14T13:28:48.370Z", "user": ["saliankush21@gmail.com"], "content_type": ["orders", "order"], "object_id": "27", "object_repr": "Jack", "action_flag": 3, "change_message": ""}}, {"model": "admin.logentry", "pk": 82, "fields": {"action_time": "2025-11-14T13:28:48.370Z", "user": ["saliankush21@gmail.com"], "content_type": ["orders", "order"], "object_id": "26", "object_repr": "Jack", "action_flag": 3, "change_message": ""}}, {"model": "admin.logentry", "pk": 83, "fields": {"action_time": "2025-11-14T13:28:48.370Z", "user": ["saliankush21@gmail.com"], "content_type": ["orders", "order"], "object_id": "25", "object_repr": "Jack", "action_flag": 3, "change_message": ""}}, {"model": "admin.logentry", "pk": 84, "fields": {"action_time": "2025-11-14T13:28:48.370Z", "user": ["saliankush21@gmail.com"], "content_type": ["orders", "order"], "object_id": "24", "object_repr": "Jack", "action_flag": 3, "change_message": ""}}, {"model": "admin.logentry", "pk": 85, "fields": {"action_time": "2025-11-14T13:28:48.370Z", "user": ["saliankush21@gmail.com"], "content_type": ["orders", "order"], "object_id": "23", "object_repr": "Jack", "action_flag": 3, "change_message": ""}}, {"model": "admin.logentry", "pk": 86, "fields": {"action_time": "2025-11-14T13:28:48.370Z", "user": ["saliankush21@gmail.com"], "content_type": ["orders", "order"], "object_id": "22", "object_repr": "Jack", "action_flag": 3, "change_message": ""}}, {"model": "admin.logentry", "pk": 87, "fields": {"action_time": "2025-11-14T13:28:48.370Z", "user": ["saliankush21@gmail.com"], "content_type": ["orders", "order"], "object_id": "21", "object_repr": "Jack", "action_flag": 3, "change_message": ""}}, {"model": "admin.logentry", "pk": 88, "fields": {"action_time": "2025-11-14T13:28:48.370Z", "user": ["saliankush21@gmail.com"], "content_type": ["orders", "order"], "object_id": "20", "object_repr": "Jack", "action_flag": 3, "change_message": ""}}, {"model": "admin.logentry", "pk": 89, "fields": {"action_time": "2025-11-14T13:28:48.370Z", "user": ["saliankush21@gmail.com"], "content_type": ["orders", "order"], "object_id": "19", "object_repr": "Jack", "action_flag": 3, "change_message": ""}}, {"model": "admin.logentry", "pk": 90, "fields": {"action_time": "2025-11-14T13:28:48.370Z", "user": ["saliankush21@gmail.com"], "content_type": ["orders", "order"], "object_id": "18", "object_repr": "Jack", "action_flag": 3, "change_message": ""}}, {"model": "admin.logentry", "pk": 91, "fields": {"action_time": "2025-11-14T13:28:48.370Z", "user": ["saliankush21@gmail.com"], "content_type": ["orders", "order"], "object_id": "17", "object_repr": "Jack", "action_flag": 3, "change_message": ""}}, {"model": "admin.logentry", "pk": 92, "fields": {"action_time": "2025-11-14T13:28:48.370Z", "user": ["saliankush21@gmail.com"], "content_type": ["orders", "order"], "object_id": "16", "object_repr": "Jack", "action_flag": 3, "change_message": ""}}, {"model": "admin.logentry", "pk": 93, "fields": {"action_time": "2025-11-14T13:28:48.370Z", "user": ["saliankush21@gmail.com"], "content_type": ["orders", "order"], "object_id": "15", "object_repr": "Jack", "action_flag": 3, "change_message": ""}}, {"model": "admin.logentry", "pk": 94, "fields": {"action_time": "2025-11-14T13:28:48.370Z", "user": ["saliankush21@gmail.com"], "content_type": ["orders", "order"], "object_id": "14", "object_repr": "Jack", "action_flag": 3, "change_message": ""}}, {"model": "admin.logentry", "pk": 95, "fields": {"action_time": "2025-11-14T13:28:48.370Z", "user": ["saliankush21@gmail.com"], "content_type": ["orders", "order"], "object_id": "13", "object_repr": "Jack", "action_flag": 3, "change_message": ""}}, {"model": "admin.logentry", "pk": 96, "fields": {"action_time": "2025-11-14T13:28:48.371Z", "user": ["saliankush21@gmail.com"], "content_type": ["orders", "order"], "object_id": "12", "object_repr": "Jack", "action_flag": 3, "change_message": ""}}, {"model": "admin.logentry", "pk": 97, "fields": {"action_time": "2025-11-14T13:28:48.371Z", "user": ["saliankush21@gmail.com"], "content_type": ["orders", "order"], "object_id": "11", "object_repr": "Jack", "action_flag": 3, "change_message": ""}}, {"model": "admin.logentry", "pk": 98, "fields": {"action_time": "2025-11-14T13:28:48.371Z", "user": ["saliankush21@gmail.com"], "content_type": ["orders", "order"], "object_id": "10", "object_repr": "Jack", "action_flag": 3, "change_message": ""}}, {"model": "admin.logentry", "pk": 99, "fields": {"action_time": "2025-11-14T13:28:48.371Z", "user": ["saliankush21@gmail.com"], "content_type": ["orders", "order"], "object_id": "9", "object_repr": "Jack", "action_flag": 3, "change_message": ""}}, {"model": "admin.logentry", "pk": 100, "fields": {"action_time": "2025-11-14T13:28:48.371Z", "user": ["saliankush21@gmail.com"], "content_type": ["orders", "order"], "object_id": "8", "object_repr": "Jack", "action_flag": 3, "change_message": ""}}, {"model": "admin.logentry", "pk": 101, "fields": {"action_time": "2025-11-14T13:28:48.371Z", "user": ["saliankush21@gmail.com"], "content_type": ["orders", "order"], "object_id": "7", "object_repr": "Jack", "action_flag": 3, "change_message": ""}}, {"model": "admin.logentry", "pk": 102, "fields": {"action_time": "2025-11-14T13:28:48.371Z", "user": ["saliankush21@gmail.com"], "content_type": ["orders", "order"], "object_id": "6", "object_repr": "Jack", "action_flag": 3, "change_message": ""}}, {"model": "admin.logentry", "pk": 103, "fields": {"action_time": "2025-11-14T13:28:48.371Z", "user": ["saliankush21@gmail.com"], "content_type": ["orders", "order"], "object_id": "5", "object_repr": "Jack", "action_flag": 3, "change_message": ""}}, {"model": "admin.logentry", "pk": 104, "fields": {"action_time": "2025-11-14T13:28:48.371Z", "user": ["saliankush21@gmail.com"], "content_type": ["orders", "order"], "object_id": "4", "object_repr": "Jack", "action_flag": 3, "change_message": ""}}, {"model": "admin.logentry", "pk": 105, "fields": {"action_time": "2025-11-14T13:28:48.371Z", "user": ["saliankush21@gmail.com"], "content_type": ["orders", "order"], "object_id": "3", "object_repr": "Jack", "action_flag": 3, "change_message": ""}}, {"model": "admin.logentry", "pk": 106, "fields": {"action_time": "2025-11-14T13:28:48.371Z", "user": ["saliankush21@gmail.com"], "content_type": ["orders", "order"], "object_id": "2", "object_repr": "Jack", "action_flag": 3, "change_message": ""}}, {"model": "admin.logentry", "pk": 107, "fields": {"action_time": "2025-11-14T13:28:48.371Z", "user": ["saliankush21@gmail.com"], "content_type": ["orders", "order"], "object_id": "1", "object_repr": "Jack", "action_flag": 3, "change_message": ""}}, {"model": "admin.logentry", "pk": 108, "fields": {"action_time": "2025-11-20T10:00:48.118Z", "user": ["saliankush21@gmail.com"], "content_type": ["store", "reviewrating"], "object_id": "4", "object_repr": "Test half", "action_flag": 1, "change_message": "[{\"added\": {}}]"}}, {"model": "admin.logentry", "pk": 109, "fields": {"action_time": "2025-11-20T10:01:00.818Z", "user": ["saliankush21@gmail.com"], "content_type": ["store", "reviewrating"], "object_id": "1", "object_repr": "Test half", "action_flag": 2, "change_message": "[]"}}, {"model": "admin.logentry", "pk": 110, "fields": {"action_time": "2025-11-20T10:01:07.492Z", "user": ["saliankush21@gmail.com"], "content_type": ["store", "reviewrating"], "object_id": "4", "object_repr": "Test half", "action_flag": 2, "change_message": "[{\"changed\": {\"fields\": [\"Ip\"]}}]"}}, {"model": "admin.logentry", "pk": 111, "fields": {"action_time": "2025-11-20T10:21:10.820Z", "user": ["saliankush21@gmail.com"], "content_type": ["store", "reviewrating"], "object_id": "4", "object_repr": "Test half", "action_flag": 3, "change_message": ""}}, {"model": "admin.logentry", "pk": 112, "fields": {"action_time": "2025-11-20T10:43:47.064Z", "user": ["saliankush21@gmail.com"], "content_type": ["store", "reviewrating"], "object_id": "5", "object_repr": "Test half", "action_flag": 1, "change_message": "[{\"added\": {}}]"}}, {"model": "admin.logentry", "pk": 113, "fields": {"action_time": "2025-11-20T11:07:50.416Z", "user": ["saliankush21@gmail.com"], "content_type": ["store", "reviewrating"], "object_id": "5", "object_repr": "Test half", "action_flag": 2, "change_message": "[{\"changed\": {\"fields\": [\"Rating\"]}}]"}}, {"model": "admin.logentry", "pk": 114, "fields": {"action_time": "2025-11-20T11:07:50.667Z", "user": ["saliankush21@gmail.com"], "content_type": ["store", "reviewrating"], "object_id": "5", "object_repr": "Test half", "action_flag": 2, "change_message": "[]"}}, {"model": "admin.logentry", "pk": 115, "fields": {"action_time": "2025-11-20T11:20:34.385Z", "user": ["saliankush21@gmail.com"], "content_type": ["store", "reviewrating"], "object_id": "5", "object_repr": "Test half", "action_flag": 2, "change_message": "[{\"changed\": {\"fields\": [\"Rating\"]}}]"}}, {"model": "admin.logentry", "pk": 116, "fields": {"action_time": "2025-11-20T11:21:21.457Z", "user": ["saliankush21@gmail.com"], "content_type": ["store", "reviewrating"], "object_id": "5", "object_repr": "Test half", "action_flag": 3, "change_message": ""}}, {"model": "admin.logentry", "pk": 117, "fields": {"action_time": "2025-11-20T11:21:21.457Z", "user": ["saliankush21@gmail.com"], "content_type": ["store", "reviewrating"], "object_id": "3", "object_repr": "ok", "action_flag": 3, "change_message": ""}}, {"model": "admin.logentry", "pk": 118, "fields": {"action_time": "2025-11-20T11:21:21.457Z", "user": ["saliankush21@gmail.com"], "content_type": ["store", "reviewrating"], "object_id": "2", "object_repr": "Test", "action_flag": 3, "change_message": ""}}, {"model": "admin.logentry", "pk": 119, "fields": {"action_time": "2025-11-20T11:21:21.457Z", "user": ["saliankush21@gmail.com"], "content_type": ["store", "reviewrating"], "object_id": "1", "object_repr": "Test half", "action_flag": 3, "change_message": ""}}, {"model": "admin.logentry", "pk": 120, "fields": {"action_time": "2025-12-06T09:50:47.124Z", "user": ["saliankush21@gmail.com"], "content_type": ["accounts", "account"], "object_id": "1", "object_repr": "saliankush21@gmail.com", "action_flag": 2, "change_message": "[{\"changed\": {\"fields\": [\"Phone number\"]}}]"}}, {"model": "admin.logentry", "pk": 121, "fields": {"action_time": "2025-12-06T09:50:59.154Z", "user": ["saliankush21@gmail.com"], "content_type": ["accounts", "account"], "object_id": "1", "object_repr": "saliankush21@gmail.com", "action_flag": 2, "change_message": "[]"}}, {"model": "admin.logentry", "pk": 122, "fields": {"action_time": "2025-12-06T12:18:00.851Z", "user": ["saliankush21@gmail.com"], "content_type": ["accounts", "userprofile"], "object_id": "1", "object_repr": "Quick", "action_flag": 1, "change_message": "[{\"added\": {}}]"}}, {"model": "admin.logentry", "pk": 123, "fields": {"action_time": "2025-12-06T12:20:35.159Z", "user": ["saliankush21@gmail.com"], "content_type": ["accounts", "userprofile"], "object_id": "1", "object_repr": "Quick", "action_flag": 3, "change_message": ""}}, {"model": "admin.logentry", "pk": 124, "fields": {"action_time": "2025-12-06T12:24:20.155Z", "user": ["saliankush21@gmail.com"], "content_type": ["accounts", "userprofile"], "object_id": "2", "object_repr": "Quick", "action_flag": 1, "change_message": "[{\"added\": {}}]"}}, {"model": "admin.logentry", "pk": 125, "fields": {"action_time": "2025-12-06T12:25:09.046Z", "user": ["saliankush21@gmail.com"], "content_type": ["accounts", "userprofile"], "object_id": "3", "object_repr": "Ankush", "action_flag": 1, "change_message": "[{\"added\": {}}]"}}, {"model": "admin.logentry", "pk": 126, "fields": {"action_time": "2025-12-15T10:09:14.875Z", "user": ["saliankush21@gmail.com"], "content_type": ["accounts", "account"], "object_id": "13", "object_repr": "the21baryonyx@gmail.com", "action_flag": 2, "change_message": "[{\"changed\": {\"fields\": [\"Is active\"]}}]"}}, {"model": "admin.logentry", "pk": 127, "fields": {"action_time": "2025-12-15T10:10:39.744Z", "user": ["saliankush21@gmail.com"], "content_type": ["accounts", "account"], "object_id": "13", "object_repr": "the21baryonyx@gmail.com", "action_flag": 3, "change_message": ""}}, {"model": "admin.logentry", "pk": 128, "fields": {"action_time": "2025-12-15T11:00:25.717Z", "user": ["saliankush21@gmail.com"], "content_type": ["accounts", "userprofile"], "object_id": "2", "object_repr": "Quick", "action_flag": 2, "change_message": "[{\"changed\": {\"fields\": [\"Profile picture\"]}}]"}}, {"model": "admin.logentry", "pk": 129, "fields": {"action_time": "2025-12-18T09:34:09.109Z", "user": ["saliankush21@gmail.com"], "content_type": ["accounts", "userprofile"], "object_id": "3", "object_repr": "Ankush", "action_flag": 2, "change_message": "[{\"changed\": {\"fields\": [\"Profile picture\"]}}]"}}, {"model": "admin.logentry", "pk": 130, "fields": {"action_time": "2025-12-18T09:34:37.606Z", "user": ["saliankush21@gmail.com"], "content_type": ["accounts", "userprofile"], "object_id": "3", "object_repr": "Ankush", "action_flag": 2, "change_message": "[{\"changed\": {\"fields\": [\"Profile picture\"]}}]"}}, {"model": "admin.logentry", "pk": 131, "fields": {"action_time": "2025-12-18T11:15:53.890Z", "user": ["saliankush21@gmail.com"], "content_type": ["store", "product"], "object_id": "1", "object_repr": "ATX Jeans", "action_flag": 2, "change_message": "[{\"added\": {\"name\": \"productgallery\", \"object\": \"ATX Jeans\"}}]"}}, {"model": "admin.logentry", "pk": 132, "fields": {"action_time": "2025-12-18T11:16:07.818Z", "user": ["saliankush21@gmail.com"], "content_type": ["store", "product"], "object_id": "1", "object_repr": "ATX Jeans", "action_flag": 2, "change_message": "[{\"added\": {\"name\": \"productgallery\", \"object\": \"ATX Jeans\"}}]"}}, {"model": "admin.logentry", "pk": 133, "fields": {"action_time": "2025-12-18T11:36:45.198Z", "user": ["saliankush21@gmail.com"], "content_type": ["store", "product"], "object_id": "1", "object_repr": "ATX Jeans", "action_flag": 2, "change_message": "[{\"deleted\": {\"name\": \"productgallery\", \"object\": \"ATX Jeans\"}}, {\"deleted\": {\"name\": \"productgallery\", \"object\": \"ATX Jeans\"}}]"}}, {"model": "admin.logentry", "pk": 134, "fields": {"action_time": "2025-12-18T11:37:26.630Z", "user": ["saliankush21@gmail.com"], "content_type": ["store", "product"], "object_id": "1", "object_repr": "ATX Jeans", "action_flag": 2, "change_message": "[{\"added\": {\"name\": \"productgallery\", \"object\": \"ATX Jeans\"}}, {\"added\": {\"name\": \"productgallery\", \"object\": \"ATX Jeans\"}}, {\"added\": {\"name\": \"productgallery\", \"object\": \"ATX Jeans\"}}]"}}, {"model": "admin.logentry", "pk": 135, "fields": {"action_time": "2025-12-19T09:28:24.032Z", "user": ["saliankush21@gmail.com"], "content_type": ["store", "product"], "object_id": "1", "object_repr": "ATX Jeans", "action_flag": 2, "change_message": "[{\"deleted\": {\"name\": \"productgallery\", \"object\": \"ATX Jeans\"}}]"}}, {"model": "admin.logentry", "pk": 136, "fields": {"action_time": "2025-12-19T09:28:32.272Z", "user": ["saliankush21@gmail.com"], "content_type": ["store", "product"], "object_id": "1", "object_repr": "ATX Jeans", "action_flag": 2, "change_message": "[]"}}]